method,seed,mean_success,mean_mechanism_f1,mean_invalid_repair_rate,mean_repeat_failure_rate,mean_damage_rate,mean_diagnostic_probe_cost,mean_calibration_error,mean_abstention_rate,mean_budget_violation_rate,mean_predicted_breach_risk,mean_realized_breach_risk,mean_repair_utility,ci95_success,ci95_mechanism_f1,ci95_invalid_repair_rate,ci95_repeat_failure_rate,ci95_damage_rate,ci95_diagnostic_probe_cost,ci95_calibration_error,ci95_abstention_rate,ci95_budget_violation_rate,ci95_predicted_breach_risk,ci95_realized_breach_risk,ci95_repair_utility,rows
active_probe_planner,0,0.640625,0.519379,0.200315,0.189731,0.081676,0.310591,0.076679,0.110998,0.158885,0.183146,0.166971,0.140704,0.030368,0.001695,0.000942,0.000841,0.000353,0.000497,0.000382,0.000654,0.000585,0.000772,0.000665,0.030876,960
active_probe_planner,1,0.637500,0.519204,0.200660,0.189866,0.081579,0.310737,0.076708,0.110792,0.158632,0.183125,0.166628,0.137343,0.030426,0.001680,0.000940,0.000837,0.000349,0.000504,0.000386,0.000651,0.000602,0.000782,0.000662,0.030794,960
active_probe_planner,2,0.592708,0.518753,0.200569,0.189373,0.081567,0.310714,0.076630,0.110765,0.158542,0.182900,0.166456,0.092990,0.031097,0.001662,0.000922,0.000835,0.000353,0.000501,0.000378,0.000658,0.000584,0.000759,0.000648,0.031343,960
active_probe_planner,3,0.636458,0.519051,0.200328,0.189594,0.081688,0.310678,0.076779,0.110735,0.158584,0.182963,0.166616,0.136674,0.030445,0.001670,0.000919,0.000840,0.000351,0.000523,0.000382,0.000668,0.000592,0.000780,0.000656,0.030620,960
active_probe_planner,4,0.596875,0.519603,0.200686,0.189372,0.081501,0.310547,0.076450,0.110579,0.158651,0.183161,0.166617,0.097523,0.031046,0.001676,0.000914,0.000842,0.000342,0.000492,0.000391,0.000653,0.000601,0.000795,0.000672,0.031322,960
active_probe_planner,5,0.570833,0.519369,0.200825,0.189382,0.081740,0.310837,0.076861,0.110982,0.158466,0.182909,0.166421,0.070744,0.031327,0.001654,0.000940,0.000834,0.000358,0.000501,0.000377,0.000666,0.000582,0.000758,0.000665,0.031827,960
active_probe_planner,6,0.607292,0.519090,0.200602,0.189538,0.081650,0.310920,0.076585,0.110977,0.158478,0.182776,0.166440,0.107403,0.030909,0.001646,0.000917,0.000844,0.000345,0.000503,0.000384,0.000667,0.000593,0.000782,0.000652,0.031284,960
active_probe_planner,7,0.616667,0.519480,0.200959,0.189555,0.081624,0.310746,0.076655,0.111032,0.158589,0.182835,0.166698,0.116529,0.030772,0.001643,0.000921,0.000842,0.000349,0.000505,0.000392,0.000670,0.000590,0.000770,0.000661,0.031176,960
active_probe_planner,8,0.579167,0.518784,0.200551,0.189574,0.081676,0.310906,0.076612,0.110681,0.158644,0.182817,0.166471,0.079109,0.031247,0.001634,0.000915,0.000855,0.000357,0.000517,0.000376,0.000671,0.000578,0.000761,0.000659,0.031604,960
active_probe_planner,9,0.596875,0.518853,0.200256,0.189684,0.081909,0.310790,0.076777,0.110665,0.158661,0.183028,0.166618,0.096718,0.031046,0.001667,0.000925,0.000829,0.000348,0.000504,0.000395,0.000676,0.000585,0.000773,0.000662,0.031339,960
causal_query_repair,0,0.636458,0.551618,0.178122,0.174072,0.075736,0.281757,0.072920,0.129079,0.143308,0.170935,0.149656,0.203401,0.030445,0.001567,0.000901,0.000833,0.000345,0.000463,0.000376,0.000712,0.000566,0.000751,0.000632,0.030786,960
causal_query_repair,1,0.634375,0.551510,0.177729,0.174206,0.075782,0.281762,0.072791,0.129054,0.143535,0.171106,0.149736,0.201417,0.030482,0.001569,0.000886,0.000820,0.000338,0.000474,0.000380,0.000714,0.000561,0.000752,0.000626,0.030818,960
causal_query_repair,2,0.634375,0.551818,0.178051,0.174213,0.075644,0.281843,0.072890,0.128970,0.143581,0.171236,0.149856,0.201275,0.030482,0.001536,0.000889,0.000838,0.000338,0.000479,0.000376,0.000710,0.000573,0.000748,0.000641,0.030616,960
causal_query_repair,3,0.628125,0.551504,0.178018,0.174144,0.075912,0.281997,0.072826,0.128825,0.143273,0.170896,0.149543,0.194935,0.030589,0.001549,0.000882,0.000822,0.000332,0.000472,0.000372,0.000710,0.000571,0.000756,0.000637,0.030863,960
causal_query_repair,4,0.642708,0.551572,0.177779,0.174141,0.075797,0.281714,0.073039,0.128862,0.143515,0.171102,0.149931,0.209691,0.030329,0.001566,0.000886,0.000826,0.000343,0.000469,0.000389,0.000701,0.000572,0.000760,0.000640,0.030681,960
causal_query_repair,5,0.651042,0.551661,0.177805,0.173964,0.075704,0.281792,0.072992,0.128919,0.143509,0.170858,0.149686,0.218261,0.030167,0.001570,0.000898,0.000816,0.000352,0.000461,0.000372,0.000700,0.000572,0.000759,0.000640,0.030454,960
causal_query_repair,6,0.613542,0.551696,0.177810,0.174062,0.075870,0.281506,0.072939,0.128686,0.143432,0.171250,0.149801,0.180729,0.030819,0.001563,0.000909,0.000832,0.000345,0.000470,0.000384,0.000705,0.000579,0.000771,0.000652,0.031265,960
causal_query_repair,7,0.625000,0.551817,0.177608,0.174127,0.075878,0.281695,0.073014,0.128969,0.143249,0.170985,0.149423,0.192318,0.030641,0.001555,0.000895,0.000813,0.000339,0.000469,0.000375,0.000704,0.000568,0.000755,0.000653,0.030819,960
causal_query_repair,8,0.656250,0.551481,0.177844,0.174537,0.075606,0.281663,0.072929,0.129000,0.143484,0.170956,0.149595,0.223101,0.030061,0.001554,0.000877,0.000810,0.000344,0.000476,0.000379,0.000713,0.000567,0.000753,0.000641,0.030392,960
causal_query_repair,9,0.646875,0.551714,0.178052,0.173888,0.075747,0.281787,0.072823,0.128709,0.143452,0.171178,0.149817,0.214073,0.030250,0.001567,0.000890,0.000820,0.000341,0.000480,0.000381,0.000711,0.000576,0.000765,0.000642,0.030661,960
conformal_risk_filter,0,0.491667,0.361121,0.241060,0.237979,0.087483,0.210144,0.081456,0.210599,0.160144,0.203586,0.167897,-0.136449,0.031641,0.002021,0.001012,0.000923,0.000373,0.000424,0.000396,0.000995,0.000594,0.000779,0.000665,0.032155,960
conformal_risk_filter,1,0.473958,0.361495,0.241211,0.237876,0.087536,0.210222,0.081404,0.210684,0.160456,0.203865,0.168338,-0.154357,0.031603,0.002015,0.000991,0.000897,0.000370,0.000420,0.000397,0.000986,0.000600,0.000792,0.000674,0.032030,960
conformal_risk_filter,2,0.526042,0.361219,0.241138,0.238090,0.087421,0.210005,0.081543,0.210527,0.160241,0.203755,0.167927,-0.102187,0.031603,0.002033,0.000962,0.000911,0.000368,0.000433,0.000400,0.000996,0.000597,0.000768,0.000665,0.032094,960
conformal_risk_filter,3,0.475000,0.360426,0.241095,0.237739,0.087431,0.210332,0.081528,0.210713,0.160050,0.203549,0.168055,-0.153201,0.031606,0.002050,0.000992,0.000911,0.000364,0.000445,0.000396,0.000988,0.000622,0.000809,0.000693,0.032195,960
conformal_risk_filter,4,0.508333,0.360851,0.241295,0.237657,0.087673,0.210091,0.081595,0.210578,0.160299,0.203738,0.167971,-0.120193,0.031641,0.002012,0.000995,0.000915,0.000368,0.000429,0.000391,0.000992,0.000595,0.000779,0.000668,0.032063,960
conformal_risk_filter,5,0.489583,0.360961,0.241107,0.237797,0.087605,0.210221,0.081392,0.210357,0.160070,0.203521,0.167839,-0.138509,0.031639,0.002002,0.000996,0.000935,0.000369,0.000429,0.000389,0.000988,0.000597,0.000787,0.000674,0.031982,960
conformal_risk_filter,6,0.480208,0.360634,0.241311,0.238006,0.087704,0.210151,0.081521,0.210669,0.160084,0.203397,0.167876,-0.148570,0.031621,0.001998,0.000993,0.000917,0.000376,0.000425,0.000395,0.001002,0.000592,0.000779,0.000671,0.032099,960
conformal_risk_filter,7,0.475000,0.360891,0.241275,0.237961,0.087562,0.210111,0.081596,0.210767,0.160181,0.203739,0.167880,-0.153583,0.031606,0.002032,0.000982,0.000905,0.000375,0.000426,0.000392,0.000996,0.000599,0.000777,0.000667,0.031889,960
conformal_risk_filter,8,0.487500,0.361273,0.241366,0.237906,0.087468,0.210012,0.081474,0.210657,0.160225,0.203806,0.168033,-0.140806,0.031636,0.002015,0.000984,0.000925,0.000372,0.000424,0.000393,0.000998,0.000597,0.000778,0.000674,0.032138,960
conformal_risk_filter,9,0.462500,0.360439,0.241408,0.237955,0.087503,0.210474,0.081249,0.210591,0.159991,0.203371,0.167802,-0.166059,0.031557,0.002002,0.000994,0.000906,0.000364,0.000440,0.000391,0.000984,0.000599,0.000783,0.000675,0.032091,960
counterfactual_mechanism_audit_v5,0,0.815625,0.704882,0.104368,0.090294,0.051480,0.195172,0.043174,0.140561,0.048458,0.087544,0.041124,0.693792,0.024544,0.001240,0.000738,0.000668,0.000304,0.000336,0.000331,0.000707,0.000425,0.000586,0.000495,0.024642,960
counterfactual_mechanism_audit_v5,1,0.802083,0.705161,0.103793,0.090646,0.051399,0.195008,0.042969,0.140688,0.048338,0.087336,0.041010,0.680896,0.025217,0.001183,0.000745,0.000668,0.000303,0.000343,0.000333,0.000727,0.000422,0.000580,0.000492,0.025363,960
counterfactual_mechanism_audit_v5,2,0.796875,0.705064,0.104071,0.090258,0.051323,0.195056,0.042965,0.140674,0.048704,0.087694,0.041277,0.675538,0.025464,0.001206,0.000742,0.000656,0.000302,0.000333,0.000327,0.000717,0.000416,0.000586,0.000479,0.025600,960
counterfactual_mechanism_audit_v5,3,0.811458,0.704996,0.104138,0.090193,0.051288,0.194905,0.042998,0.140900,0.048433,0.087482,0.040967,0.690280,0.024756,0.001205,0.000757,0.000664,0.000295,0.000337,0.000322,0.000704,0.000428,0.000598,0.000494,0.024845,960
counterfactual_mechanism_audit_v5,4,0.813542,0.705067,0.103826,0.090400,0.051288,0.194821,0.043016,0.140643,0.048403,0.087469,0.041071,0.692598,0.024651,0.001228,0.000749,0.000679,0.000308,0.000340,0.000335,0.000714,0.000435,0.000605,0.000505,0.024860,960
counterfactual_mechanism_audit_v5,5,0.796875,0.704845,0.103844,0.090065,0.051299,0.194983,0.043022,0.140688,0.048443,0.087555,0.040880,0.676003,0.025464,0.001218,0.000740,0.000649,0.000298,0.000336,0.000335,0.000690,0.000422,0.000596,0.000483,0.025525,960
counterfactual_mechanism_audit_v5,6,0.832292,0.704637,0.103811,0.090253,0.051302,0.194958,0.043072,0.140668,0.048654,0.087658,0.041215,0.711080,0.023646,0.001248,0.000741,0.000655,0.000308,0.000336,0.000325,0.000719,0.000434,0.000600,0.000498,0.023883,960
counterfactual_mechanism_audit_v5,7,0.783333,0.704855,0.104113,0.090442,0.051373,0.195055,0.043121,0.140552,0.048153,0.087349,0.040773,0.661984,0.026075,0.001177,0.000748,0.000663,0.000301,0.000352,0.000333,0.000708,0.000423,0.000595,0.000501,0.026253,960
counterfactual_mechanism_audit_v5,8,0.808333,0.705371,0.104093,0.089857,0.051229,0.195011,0.043048,0.140672,0.048365,0.087499,0.041109,0.687678,0.024912,0.001226,0.000741,0.000667,0.000299,0.000328,0.000332,0.000708,0.000430,0.000594,0.000495,0.025085,960
counterfactual_mechanism_audit_v5,9,0.797917,0.704912,0.104316,0.090523,0.051209,0.194921,0.042937,0.140832,0.048386,0.087254,0.041107,0.676444,0.025415,0.001190,0.000738,0.000677,0.000305,0.000326,0.000325,0.000710,0.000431,0.000593,0.000499,0.025586,960
data_augmented_world_model,0,0.329167,0.212822,0.341027,0.314566,0.121746,0.107103,0.135794,0.069379,0.256751,0.280108,0.277608,-0.569069,0.029741,0.002312,0.001239,0.001092,0.000442,0.000330,0.000516,0.000544,0.000806,0.001008,0.000899,0.030412,960
data_augmented_world_model,1,0.332292,0.212208,0.340814,0.314580,0.121812,0.107358,0.136041,0.069566,0.256874,0.280183,0.277804,-0.566363,0.029813,0.002315,0.001245,0.001074,0.000445,0.000333,0.000507,0.000532,0.000799,0.001013,0.000884,0.030447,960
data_augmented_world_model,2,0.354167,0.212041,0.340870,0.314276,0.121761,0.107109,0.135915,0.069541,0.256692,0.279986,0.277692,-0.544042,0.030270,0.002285,0.001249,0.001084,0.000450,0.000322,0.000510,0.000521,0.000813,0.001032,0.000896,0.031099,960
data_augmented_world_model,3,0.346875,0.212474,0.340587,0.314666,0.121669,0.107176,0.135766,0.069701,0.256778,0.280279,0.277647,-0.551161,0.030125,0.002272,0.001237,0.001089,0.000448,0.000331,0.000506,0.000530,0.000812,0.001018,0.000896,0.030699,960
data_augmented_world_model,4,0.348958,0.212150,0.341002,0.314389,0.121711,0.106961,0.136077,0.069554,0.256739,0.280140,0.277710,-0.549447,0.030167,0.002281,0.001264,0.001090,0.000446,0.000341,0.000505,0.000526,0.000808,0.001018,0.000892,0.031014,960
data_augmented_world_model,5,0.359375,0.212612,0.340774,0.313970,0.121607,0.107187,0.135961,0.069615,0.256876,0.280444,0.277742,-0.538332,0.030368,0.002303,0.001240,0.001082,0.000445,0.000342,0.000507,0.000531,0.000805,0.001022,0.000891,0.031068,960
data_augmented_world_model,6,0.342708,0.212485,0.340898,0.314589,0.121676,0.106837,0.135843,0.069505,0.256875,0.280377,0.277748,-0.555520,0.030039,0.002293,0.001244,0.001092,0.000451,0.000325,0.000509,0.000521,0.000790,0.001003,0.000885,0.030777,960
data_augmented_world_model,7,0.341667,0.212599,0.340810,0.314449,0.121628,0.107310,0.136002,0.069344,0.256867,0.280226,0.277892,-0.556472,0.030017,0.002247,0.001268,0.001102,0.000446,0.000329,0.000509,0.000525,0.000806,0.001021,0.000895,0.031046,960
data_augmented_world_model,8,0.339583,0.212749,0.340807,0.314038,0.121717,0.107229,0.135918,0.069609,0.256807,0.280101,0.277695,-0.558220,0.029973,0.002290,0.001243,0.001104,0.000449,0.000340,0.000502,0.000526,0.000808,0.001017,0.000891,0.030580,960
data_augmented_world_model,9,0.313542,0.212450,0.340771,0.314254,0.121682,0.106973,0.136014,0.069636,0.256849,0.280228,0.277861,-0.584469,0.029363,0.002265,0.001229,0.001102,0.000445,0.000331,0.000499,0.000529,0.000786,0.000995,0.000882,0.030165,960
ensemble_disagreement_planner,0,0.453125,0.345307,0.268780,0.252996,0.098662,0.186912,0.100168,0.133875,0.197963,0.225659,0.211474,-0.241316,0.031506,0.002078,0.001079,0.000970,0.000392,0.000395,0.000440,0.000732,0.000668,0.000859,0.000741,0.032092,960
ensemble_disagreement_planner,1,0.445833,0.345103,0.268246,0.253490,0.098677,0.186925,0.100229,0.134079,0.198097,0.225745,0.211579,-0.248750,0.031460,0.002053,0.001076,0.000973,0.000399,0.000390,0.000440,0.000739,0.000686,0.000887,0.000761,0.031928,960
ensemble_disagreement_planner,2,0.496875,0.345265,0.268826,0.253363,0.098775,0.187016,0.100070,0.134083,0.198075,0.225670,0.211505,-0.198118,0.031645,0.002032,0.001063,0.000981,0.000397,0.000379,0.000441,0.000748,0.000680,0.000863,0.000760,0.032138,960
ensemble_disagreement_planner,3,0.451042,0.345595,0.268599,0.253058,0.098639,0.186853,0.100040,0.134068,0.197808,0.225377,0.211361,-0.243011,0.031494,0.002070,0.001065,0.001001,0.000396,0.000390,0.000448,0.000735,0.000678,0.000883,0.000750,0.032047,960
ensemble_disagreement_planner,4,0.476042,0.344907,0.268745,0.253300,0.098746,0.187001,0.100073,0.133747,0.197715,0.225248,0.211331,-0.218620,0.031610,0.002014,0.001077,0.000991,0.000404,0.000393,0.000445,0.000733,0.000683,0.000877,0.000765,0.032052,960
ensemble_disagreement_planner,5,0.476042,0.344875,0.268698,0.253268,0.098739,0.186931,0.100185,0.134057,0.197880,0.225396,0.211393,-0.218761,0.031610,0.002024,0.001090,0.000978,0.000407,0.000392,0.000449,0.000744,0.000690,0.000892,0.000771,0.032156,960
ensemble_disagreement_planner,6,0.466667,0.344910,0.268801,0.253024,0.098675,0.187053,0.100131,0.134036,0.197954,0.225515,0.211355,-0.228012,0.031575,0.002042,0.001057,0.000988,0.000398,0.000407,0.000433,0.000745,0.000682,0.000872,0.000762,0.032132,960
ensemble_disagreement_planner,7,0.476042,0.345025,0.268388,0.253084,0.098613,0.186850,0.100266,0.133865,0.198069,0.225653,0.211673,-0.218251,0.031610,0.002066,0.001062,0.000968,0.000404,0.000400,0.000439,0.000727,0.000689,0.000890,0.000764,0.032098,960
ensemble_disagreement_planner,8,0.477083,0.345006,0.268706,0.253399,0.098680,0.186911,0.100135,0.133972,0.197927,0.225567,0.211398,-0.217703,0.031613,0.002007,0.001087,0.000980,0.000405,0.000392,0.000443,0.000754,0.000678,0.000870,0.000755,0.032239,960
ensemble_disagreement_planner,9,0.473958,0.344917,0.268844,0.252986,0.098689,0.186906,0.100326,0.134223,0.197887,0.225463,0.211562,-0.220799,0.031603,0.002024,0.001059,0.000982,0.000392,0.000392,0.000438,0.000750,0.000673,0.000875,0.000754,0.032169,960
failure_classifier_repair,0,0.569792,0.433512,0.228371,0.223874,0.086658,0.233751,0.084647,0.126845,0.178031,0.202247,0.188465,-0.013672,0.031336,0.001850,0.001009,0.000926,0.000365,0.000443,0.000392,0.000705,0.000646,0.000840,0.000723,0.031650,960
failure_classifier_repair,1,0.546875,0.433836,0.228581,0.224176,0.086466,0.233776,0.084585,0.126918,0.177956,0.201940,0.188361,-0.036647,0.031506,0.001867,0.001008,0.000902,0.000382,0.000430,0.000393,0.000702,0.000657,0.000840,0.000727,0.031783,960
failure_classifier_repair,2,0.535417,0.434529,0.228507,0.223865,0.086744,0.233989,0.084382,0.127046,0.178099,0.202111,0.188533,-0.047922,0.031566,0.001801,0.001017,0.000927,0.000365,0.000428,0.000385,0.000699,0.000642,0.000832,0.000712,0.031909,960
failure_classifier_repair,3,0.535417,0.433920,0.228448,0.223767,0.086836,0.233646,0.084381,0.127032,0.178070,0.202053,0.188334,-0.047970,0.031566,0.001848,0.001021,0.000905,0.000371,0.000420,0.000385,0.000710,0.000634,0.000819,0.000711,0.031974,960
failure_classifier_repair,4,0.539583,0.433863,0.228496,0.223814,0.086684,0.233714,0.084498,0.126966,0.177868,0.202031,0.188053,-0.043684,0.031547,0.001813,0.001013,0.000918,0.000370,0.000435,0.000392,0.000723,0.000633,0.000816,0.000703,0.031927,960
failure_classifier_repair,5,0.546875,0.434603,0.228613,0.223879,0.086738,0.233830,0.084372,0.127118,0.178229,0.202227,0.188456,-0.036584,0.031506,0.001822,0.001001,0.000908,0.000363,0.000429,0.000399,0.000709,0.000644,0.000822,0.000731,0.031846,960
failure_classifier_repair,6,0.547917,0.433840,0.228468,0.223673,0.086821,0.233625,0.084369,0.126768,0.177769,0.201792,0.188084,-0.035167,0.031500,0.001857,0.001009,0.000907,0.000364,0.000434,0.000399,0.000697,0.000638,0.000830,0.000703,0.031786,960
failure_classifier_repair,7,0.552083,0.433671,0.228536,0.223808,0.086618,0.233815,0.084411,0.126843,0.177918,0.201969,0.188253,-0.031203,0.031474,0.001858,0.001016,0.000922,0.000371,0.000425,0.000392,0.000698,0.000633,0.000818,0.000705,0.031643,960
failure_classifier_repair,8,0.573958,0.433782,0.228400,0.224107,0.086787,0.233895,0.084494,0.126844,0.177856,0.201856,0.188165,-0.009606,0.031298,0.001826,0.001012,0.000914,0.000369,0.000437,0.000387,0.000690,0.000634,0.000825,0.000702,0.031660,960
failure_classifier_repair,9,0.541667,0.433608,0.228639,0.223873,0.086708,0.233954,0.084426,0.127017,0.178228,0.202638,0.188390,-0.042164,0.031536,0.001828,0.001014,0.000923,0.000370,0.000432,0.000390,0.000714,0.000637,0.000823,0.000706,0.031949,960
observed_only_planner,0,0.253125,0.108594,0.399170,0.362575,0.138009,0.078204,0.159173,0.058073,0.295124,0.319643,0.320841,-0.814816,0.027519,0.002444,0.001333,0.001183,0.000474,0.000308,0.000557,0.000513,0.000864,0.001095,0.000958,0.028338,960
observed_only_planner,1,0.235417,0.108885,0.399110,0.362443,0.137960,0.078295,0.159212,0.057728,0.295081,0.319775,0.320835,-0.832168,0.026852,0.002452,0.001329,0.001203,0.000474,0.000317,0.000542,0.000502,0.000864,0.001084,0.000953,0.027972,960
observed_only_planner,2,0.245833,0.108494,0.399220,0.362466,0.137930,0.078472,0.159373,0.057850,0.295112,0.319797,0.320815,-0.822156,0.027252,0.002453,0.001353,0.001171,0.000476,0.000313,0.000554,0.000500,0.000854,0.001082,0.000952,0.028079,960
observed_only_planner,3,0.263542,0.108351,0.399292,0.362780,0.137776,0.078340,0.159109,0.057855,0.295241,0.319821,0.320880,-0.804547,0.027883,0.002478,0.001333,0.001195,0.000490,0.000300,0.000558,0.000498,0.000855,0.001076,0.000955,0.028964,960
observed_only_planner,4,0.216667,0.108535,0.399089,0.362500,0.137857,0.078374,0.159130,0.057895,0.294945,0.319438,0.320585,-0.850880,0.026075,0.002444,0.001340,0.001182,0.000479,0.000310,0.000547,0.000513,0.000853,0.001066,0.000940,0.026919,960
observed_only_planner,5,0.246875,0.108610,0.399248,0.362515,0.137884,0.078037,0.158963,0.057816,0.295130,0.319652,0.320969,-0.820744,0.027291,0.002456,0.001329,0.001179,0.000481,0.000318,0.000549,0.000507,0.000851,0.001077,0.000946,0.028201,960
observed_only_planner,6,0.237500,0.108877,0.399513,0.362480,0.137799,0.078131,0.159111,0.057873,0.295069,0.319708,0.321041,-0.830235,0.026934,0.002461,0.001342,0.001183,0.000477,0.000305,0.000549,0.000507,0.000863,0.001092,0.000959,0.027952,960
observed_only_planner,7,0.238542,0.108360,0.399263,0.362494,0.137762,0.078196,0.159259,0.057878,0.295050,0.319660,0.320676,-0.829199,0.026974,0.002488,0.001338,0.001187,0.000481,0.000307,0.000553,0.000500,0.000862,0.001074,0.000954,0.027994,960
observed_only_planner,8,0.235417,0.108621,0.399155,0.362663,0.138039,0.078353,0.159143,0.057782,0.294983,0.319440,0.320708,-0.832481,0.026852,0.002444,0.001341,0.001178,0.000474,0.000307,0.000553,0.000502,0.000845,0.001084,0.000926,0.027835,960
observed_only_planner,9,0.256250,0.108898,0.399281,0.362815,0.138046,0.078238,0.159177,0.057745,0.294943,0.319514,0.320666,-0.811747,0.027631,0.002452,0.001330,0.001167,0.000478,0.000313,0.000553,0.000503,0.000865,0.001098,0.000970,0.028701,960
oracle_mechanism_repair,0,0.933333,0.825827,0.053408,0.041331,0.028909,0.154074,0.023962,0.074343,0.001802,0.046459,0.000024,1.027203,0.015788,0.001068,0.000647,0.000573,0.000268,0.000293,0.000316,0.000505,0.000185,0.000372,0.000017,0.015862,960
oracle_mechanism_repair,1,0.931250,0.826838,0.053289,0.041582,0.028865,0.154352,0.024076,0.074618,0.001692,0.046639,0.000020,1.025293,0.016015,0.001061,0.000665,0.000571,0.000269,0.000291,0.000313,0.000506,0.000180,0.000376,0.000014,0.016097,960
oracle_mechanism_repair,2,0.950000,0.826306,0.053463,0.041374,0.028683,0.154264,0.024089,0.074599,0.001703,0.046544,0.000033,1.044072,0.013794,0.001103,0.000625,0.000569,0.000269,0.000298,0.000311,0.000523,0.000177,0.000365,0.000022,0.013869,960
oracle_mechanism_repair,3,0.920833,0.826515,0.053129,0.041224,0.028932,0.154370,0.023848,0.074389,0.001764,0.046580,0.000043,1.015241,0.017089,0.001064,0.000655,0.000568,0.000278,0.000302,0.000306,0.000507,0.000184,0.000369,0.000029,0.017256,960
oracle_mechanism_repair,4,0.915625,0.826935,0.053614,0.041418,0.029011,0.154224,0.024064,0.074540,0.001677,0.046553,0.000023,1.009447,0.017592,0.001038,0.000654,0.000554,0.000269,0.000293,0.000318,0.000510,0.000175,0.000358,0.000017,0.017531,960
oracle_mechanism_repair,5,0.929167,0.826706,0.053432,0.041375,0.028875,0.154121,0.024033,0.074553,0.001720,0.046542,0.000026,1.023272,0.016237,0.001083,0.000646,0.000570,0.000276,0.000298,0.000311,0.000524,0.000177,0.000366,0.000017,0.016228,960
oracle_mechanism_repair,6,0.930208,0.826706,0.053201,0.041734,0.028942,0.154417,0.024289,0.074356,0.001905,0.046702,0.000022,1.023870,0.016126,0.001094,0.000649,0.000558,0.000266,0.000294,0.000305,0.000500,0.000185,0.000372,0.000020,0.016088,960
oracle_mechanism_repair,7,0.936458,0.826617,0.053416,0.041276,0.028704,0.154290,0.024164,0.074639,0.001813,0.046622,0.000032,1.030608,0.015439,0.001087,0.000629,0.000569,0.000277,0.000292,0.000310,0.000518,0.000187,0.000380,0.000024,0.015470,960
oracle_mechanism_repair,8,0.916667,0.826686,0.053418,0.041374,0.028960,0.154361,0.024010,0.074471,0.001882,0.046621,0.000046,1.010543,0.017493,0.001076,0.000650,0.000572,0.000285,0.000294,0.000307,0.000510,0.000195,0.000375,0.000027,0.017576,960
oracle_mechanism_repair,9,0.933333,0.826795,0.053427,0.041311,0.028755,0.154360,0.024035,0.074653,0.001648,0.046419,0.000017,1.027604,0.015788,0.001077,0.000627,0.000581,0.000290,0.000292,0.000308,0.000505,0.000168,0.000371,0.000014,0.015906,960
pets_latent_mpc,0,0.604167,0.490892,0.198887,0.185073,0.079754,0.242945,0.091389,0.110307,0.162914,0.186494,0.173441,0.111435,0.030951,0.001714,0.000936,0.000828,0.000346,0.000445,0.000420,0.000657,0.000610,0.000799,0.000678,0.031197,960
pets_latent_mpc,1,0.598958,0.490647,0.198705,0.184947,0.079768,0.243084,0.091400,0.110323,0.162764,0.186250,0.173209,0.106440,0.031020,0.001679,0.000895,0.000815,0.000345,0.000443,0.000414,0.000642,0.000621,0.000809,0.000703,0.031291,960
pets_latent_mpc,2,0.597917,0.490778,0.198858,0.185068,0.079600,0.243132,0.091154,0.110105,0.162807,0.186282,0.173133,0.105519,0.031033,0.001723,0.000924,0.000826,0.000357,0.000461,0.000423,0.000662,0.000618,0.000806,0.000690,0.031421,960
pets_latent_mpc,3,0.577083,0.490971,0.198709,0.184888,0.079637,0.243087,0.091421,0.110264,0.163072,0.186646,0.173268,0.084656,0.031268,0.001712,0.000940,0.000809,0.000351,0.000447,0.000413,0.000633,0.000608,0.000800,0.000673,0.031636,960
pets_latent_mpc,4,0.601042,0.491459,0.199036,0.184995,0.079566,0.242978,0.091384,0.110378,0.162751,0.186248,0.172956,0.108707,0.030993,0.001722,0.000926,0.000787,0.000350,0.000445,0.000419,0.000652,0.000625,0.000816,0.000707,0.031505,960
pets_latent_mpc,5,0.567708,0.491243,0.198717,0.184837,0.079739,0.243186,0.091477,0.110654,0.162964,0.186804,0.173388,0.075232,0.031354,0.001743,0.000937,0.000821,0.000356,0.000444,0.000413,0.000657,0.000609,0.000789,0.000687,0.031758,960
pets_latent_mpc,6,0.580208,0.490945,0.198664,0.185037,0.079606,0.243026,0.091400,0.110284,0.162823,0.186528,0.173036,0.087916,0.031236,0.001699,0.000937,0.000818,0.000359,0.000444,0.000421,0.000650,0.000615,0.000816,0.000706,0.031626,960
pets_latent_mpc,7,0.598958,0.490775,0.198764,0.184709,0.079729,0.243097,0.091464,0.110254,0.162932,0.186635,0.173221,0.106523,0.031020,0.001730,0.000935,0.000824,0.000352,0.000442,0.000422,0.000647,0.000622,0.000812,0.000695,0.031452,960
pets_latent_mpc,8,0.625000,0.490531,0.198889,0.185278,0.079662,0.243220,0.091342,0.110331,0.162722,0.186191,0.173272,0.132142,0.030641,0.001726,0.000920,0.000818,0.000349,0.000447,0.000414,0.000663,0.000607,0.000802,0.000690,0.030939,960
pets_latent_mpc,9,0.616667,0.490537,0.198499,0.184751,0.079721,0.243104,0.091366,0.110244,0.162641,0.186333,0.172847,0.124610,0.030772,0.001712,0.000915,0.000825,0.000342,0.000461,0.000411,0.000659,0.000606,0.000803,0.000690,0.031124,960
proposed_failed_rollout_audit_v4_1,0,0.694792,0.616515,0.144729,0.128638,0.063932,0.234207,0.062536,0.122677,0.102999,0.132371,0.103816,0.409304,0.029146,0.001391,0.000821,0.000737,0.000317,0.000390,0.000349,0.000664,0.000510,0.000684,0.000573,0.029298,960
proposed_failed_rollout_audit_v4_1,1,0.684375,0.616609,0.144408,0.128741,0.064025,0.234051,0.062472,0.122569,0.103154,0.132389,0.104030,0.399039,0.029416,0.001401,0.000829,0.000730,0.000325,0.000382,0.000354,0.000674,0.000504,0.000682,0.000578,0.029705,960
proposed_failed_rollout_audit_v4_1,2,0.694792,0.616582,0.144436,0.128520,0.063903,0.234213,0.062410,0.122869,0.102987,0.132174,0.103895,0.409755,0.029146,0.001388,0.000805,0.000725,0.000323,0.000388,0.000354,0.000684,0.000490,0.000662,0.000557,0.029348,960
proposed_failed_rollout_audit_v4_1,3,0.705208,0.616756,0.144609,0.128427,0.063992,0.234168,0.062497,0.122722,0.102950,0.132176,0.103905,0.420068,0.028858,0.001380,0.000819,0.000729,0.000320,0.000397,0.000365,0.000655,0.000505,0.000674,0.000580,0.029118,960
proposed_failed_rollout_audit_v4_1,4,0.702083,0.616813,0.144618,0.128576,0.064040,0.234013,0.062592,0.122980,0.102861,0.132428,0.103604,0.416789,0.028946,0.001403,0.000817,0.000717,0.000310,0.000378,0.000353,0.000660,0.000511,0.000686,0.000593,0.029106,960
proposed_failed_rollout_audit_v4_1,5,0.718750,0.616489,0.144515,0.128502,0.064121,0.233924,0.062460,0.122909,0.103129,0.132323,0.104025,0.433354,0.028457,0.001414,0.000816,0.000732,0.000328,0.000392,0.000364,0.000671,0.000505,0.000684,0.000569,0.028728,960
proposed_failed_rollout_audit_v4_1,6,0.725000,0.616866,0.144557,0.128527,0.063941,0.233986,0.062601,0.122651,0.102853,0.132257,0.103805,0.439997,0.028261,0.001390,0.000825,0.000721,0.000332,0.000384,0.000365,0.000663,0.000488,0.000672,0.000551,0.028501,960
proposed_failed_rollout_audit_v4_1,7,0.703125,0.616122,0.144430,0.128510,0.064056,0.233945,0.062612,0.122659,0.102964,0.132201,0.103775,0.417812,0.028917,0.001371,0.000841,0.000743,0.000323,0.000399,0.000351,0.000669,0.000498,0.000672,0.000568,0.029210,960
proposed_failed_rollout_audit_v4_1,8,0.740625,0.617154,0.144280,0.128122,0.064004,0.233951,0.062660,0.122753,0.103073,0.132320,0.103848,0.456041,0.027740,0.001400,0.000818,0.000720,0.000326,0.000390,0.000361,0.000675,0.000497,0.000661,0.000561,0.027974,960
proposed_failed_rollout_audit_v4_1,9,0.692708,0.616413,0.144377,0.128590,0.064112,0.234251,0.062455,0.122770,0.103095,0.132299,0.103884,0.407309,0.029201,0.001420,0.000826,0.000738,0.000327,0.000392,0.000366,0.000649,0.000501,0.000677,0.000563,0.029492,960
scalar_uncertainty_planner,0,0.425000,0.284497,0.292118,0.273334,0.104438,0.151647,0.111036,0.121761,0.216081,0.242144,0.232211,-0.337978,0.031288,0.002109,0.001123,0.001018,0.000407,0.000365,0.000478,0.000721,0.000727,0.000935,0.000799,0.031897,960
scalar_uncertainty_planner,1,0.421875,0.284816,0.292111,0.273329,0.104223,0.151592,0.111275,0.122079,0.216283,0.242271,0.232438,-0.341064,0.031257,0.002136,0.001146,0.001030,0.000400,0.000364,0.000473,0.000704,0.000723,0.000920,0.000816,0.031676,960
scalar_uncertainty_planner,2,0.396875,0.284728,0.292269,0.273568,0.104480,0.151411,0.111120,0.122251,0.216248,0.242291,0.232349,-0.366569,0.030965,0.002132,0.001132,0.000980,0.000408,0.000376,0.000462,0.000696,0.000724,0.000930,0.000800,0.031464,960
scalar_uncertainty_planner,3,0.407292,0.284446,0.291984,0.273454,0.104336,0.151539,0.111058,0.122088,0.215951,0.241985,0.231926,-0.355528,0.031097,0.002104,0.001139,0.001022,0.000413,0.000370,0.000473,0.000704,0.000738,0.000936,0.000820,0.031707,960
scalar_uncertainty_planner,4,0.417708,0.283932,0.291985,0.273485,0.104445,0.151614,0.111046,0.122172,0.216060,0.242191,0.232192,-0.345528,0.031214,0.002097,0.001123,0.001012,0.000411,0.000371,0.000466,0.000704,0.000723,0.000937,0.000808,0.031590,960
scalar_uncertainty_planner,5,0.432292,0.285121,0.292174,0.273188,0.104435,0.151704,0.111159,0.122197,0.216143,0.242234,0.232212,-0.330619,0.031354,0.002109,0.001154,0.001017,0.000406,0.000360,0.000454,0.000716,0.000722,0.000913,0.000805,0.031894,960
scalar_uncertainty_planner,6,0.422917,0.284401,0.292618,0.273473,0.104291,0.151523,0.111048,0.122259,0.216057,0.241962,0.231917,-0.340561,0.031268,0.002136,0.001138,0.001023,0.000415,0.000370,0.000465,0.000705,0.000722,0.000930,0.000804,0.031878,960
scalar_uncertainty_planner,7,0.414583,0.283396,0.291841,0.273394,0.104536,0.151709,0.111114,0.122092,0.216100,0.241957,0.232035,-0.348803,0.031181,0.002091,0.001128,0.001029,0.000403,0.000372,0.000454,0.000718,0.000723,0.000927,0.000804,0.031874,960
scalar_uncertainty_planner,8,0.426042,0.284339,0.292133,0.273512,0.104266,0.151500,0.111220,0.121997,0.215972,0.241990,0.231900,-0.336995,0.031298,0.002109,0.001113,0.001023,0.000401,0.000368,0.000456,0.000703,0.000729,0.000924,0.000808,0.031890,960
scalar_uncertainty_planner,9,0.412500,0.284463,0.292374,0.273343,0.104363,0.151796,0.111211,0.122221,0.216165,0.242074,0.232222,-0.350938,0.031158,0.002078,0.001134,0.001017,0.000413,0.000352,0.000465,0.000721,0.000723,0.000928,0.000797,0.031602,960
