method,task,regime,mean_success_rate,mean_mechanism_f1,mean_invalid_repair_rate,mean_repeat_failure_rate,mean_damage_rate,mean_diagnostic_probe_cost,mean_calibration_error,ci95_success_rate,ci95_mechanism_f1,ci95_invalid_repair_rate,ci95_repeat_failure_rate,ci95_damage_rate,ci95_diagnostic_probe_cost,ci95_calibration_error,groups
active_probe_planner,cluttered_navigation_grasp,actuator_lag,0.625000,0.527319,0.217043,0.208997,0.084142,0.320641,0.078175,0.038498,0.007682,0.003767,0.001420,0.003080,0.002320,0.001882,7
active_probe_planner,cluttered_navigation_grasp,combined_hidden_mechanisms,0.563492,0.489026,0.244468,0.235230,0.093068,0.340726,0.092091,0.037971,0.010518,0.002683,0.004022,0.001522,0.002607,0.002114,7
active_probe_planner,cluttered_navigation_grasp,compliance_shift,0.589286,0.528753,0.212825,0.205784,0.080854,0.314224,0.080834,0.029617,0.007311,0.004249,0.003289,0.001485,0.003176,0.002272,7
active_probe_planner,cluttered_navigation_grasp,contact_mode_flip,0.585317,0.525350,0.223998,0.217158,0.085152,0.319927,0.082346,0.030539,0.012438,0.002800,0.003379,0.002082,0.001591,0.001906,7
active_probe_planner,cluttered_navigation_grasp,friction_shift,0.648810,0.536012,0.206596,0.201517,0.079236,0.315018,0.077104,0.026376,0.009967,0.003159,0.005619,0.001907,0.001935,0.002469,7
active_probe_planner,cluttered_navigation_grasp,nominal,0.670635,0.574934,0.188276,0.181186,0.072080,0.296661,0.068402,0.044736,0.006290,0.003279,0.002187,0.002038,0.003151,0.002328,7
active_probe_planner,cluttered_navigation_grasp,occlusion_persistence,0.626984,0.533448,0.215213,0.211242,0.084914,0.319093,0.081618,0.043013,0.002927,0.002712,0.003059,0.002858,0.001539,0.001782,7
active_probe_planner,cluttered_navigation_grasp,payload_shift,0.626984,0.514649,0.223694,0.216623,0.087846,0.323331,0.082807,0.054905,0.006159,0.002786,0.004459,0.001362,0.004080,0.001247,7
active_probe_planner,deformable_bin_pick,actuator_lag,0.575397,0.523096,0.219231,0.212264,0.084600,0.321336,0.080509,0.061979,0.005741,0.002829,0.002609,0.001914,0.001410,0.001683,7
active_probe_planner,deformable_bin_pick,combined_hidden_mechanisms,0.581349,0.488248,0.242095,0.236213,0.093344,0.339410,0.092166,0.047682,0.005418,0.004935,0.004304,0.001931,0.002736,0.002400,7
active_probe_planner,deformable_bin_pick,compliance_shift,0.607143,0.528987,0.211251,0.207651,0.083257,0.316142,0.080259,0.051690,0.002274,0.004260,0.001951,0.002713,0.003747,0.001606,7
active_probe_planner,deformable_bin_pick,contact_mode_flip,0.547619,0.518310,0.223697,0.216160,0.086629,0.322159,0.081007,0.029015,0.004662,0.004278,0.003214,0.002951,0.001597,0.001743,7
active_probe_planner,deformable_bin_pick,friction_shift,0.628968,0.541295,0.206702,0.201074,0.080238,0.314514,0.077710,0.054997,0.007366,0.002718,0.004856,0.001803,0.003626,0.002924,7
active_probe_planner,deformable_bin_pick,nominal,0.664683,0.565215,0.187024,0.178602,0.073188,0.298152,0.070502,0.060995,0.008153,0.004325,0.003110,0.001849,0.002369,0.002415,7
active_probe_planner,deformable_bin_pick,occlusion_persistence,0.605159,0.528612,0.215308,0.206147,0.084630,0.318019,0.077839,0.036064,0.007191,0.002817,0.004803,0.001700,0.003825,0.001591,7
active_probe_planner,deformable_bin_pick,payload_shift,0.593254,0.509438,0.225914,0.216537,0.084911,0.322660,0.082297,0.037436,0.008104,0.003153,0.004714,0.002223,0.001505,0.003758,7
active_probe_planner,drawer_contact_repair,actuator_lag,0.613095,0.538859,0.210921,0.205507,0.082299,0.319951,0.080857,0.026184,0.004696,0.003022,0.004148,0.002524,0.001930,0.001505,7
active_probe_planner,drawer_contact_repair,combined_hidden_mechanisms,0.567460,0.493818,0.239103,0.228699,0.093887,0.335819,0.092079,0.031111,0.008209,0.002802,0.005466,0.002567,0.002821,0.002096,7
active_probe_planner,drawer_contact_repair,compliance_shift,0.619048,0.541764,0.207577,0.201074,0.080744,0.319952,0.079549,0.054398,0.005405,0.003072,0.002031,0.003115,0.003385,0.002594,7
active_probe_planner,drawer_contact_repair,contact_mode_flip,0.593254,0.526214,0.216329,0.210443,0.085017,0.322808,0.082313,0.025698,0.005969,0.003269,0.003468,0.001913,0.003547,0.002045,7
active_probe_planner,drawer_contact_repair,friction_shift,0.623016,0.552472,0.202911,0.197533,0.077480,0.312993,0.078656,0.040039,0.007070,0.004129,0.004393,0.003810,0.002913,0.002155,7
active_probe_planner,drawer_contact_repair,nominal,0.682540,0.580769,0.181272,0.175460,0.071691,0.300246,0.067785,0.040910,0.007421,0.003252,0.002630,0.002493,0.003082,0.001749,7
active_probe_planner,drawer_contact_repair,occlusion_persistence,0.654762,0.534934,0.210119,0.200521,0.081447,0.316335,0.079986,0.029360,0.010347,0.003398,0.004728,0.002365,0.002562,0.001606,7
active_probe_planner,drawer_contact_repair,payload_shift,0.605159,0.529309,0.216513,0.211715,0.083086,0.326292,0.083775,0.038433,0.004483,0.003426,0.003408,0.001556,0.002049,0.002629,7
active_probe_planner,occluded_push_recovery,actuator_lag,0.603175,0.527837,0.216337,0.210198,0.083363,0.319744,0.080709,0.063107,0.004022,0.002457,0.005112,0.002822,0.004358,0.002837,7
active_probe_planner,occluded_push_recovery,combined_hidden_mechanisms,0.551587,0.486163,0.241295,0.233212,0.094471,0.338929,0.091685,0.050306,0.005106,0.002374,0.003295,0.001979,0.002984,0.002264,7
active_probe_planner,occluded_push_recovery,compliance_shift,0.613095,0.534448,0.211402,0.206899,0.080748,0.318438,0.081181,0.048050,0.007194,0.003744,0.003848,0.002223,0.003039,0.004000,7
active_probe_planner,occluded_push_recovery,contact_mode_flip,0.593254,0.521295,0.218708,0.212702,0.083972,0.320247,0.081556,0.033453,0.006066,0.003004,0.003887,0.002435,0.002608,0.002457,7
active_probe_planner,occluded_push_recovery,friction_shift,0.640873,0.539280,0.204958,0.201909,0.080697,0.313774,0.077417,0.032768,0.007238,0.003472,0.003053,0.002339,0.003475,0.002959,7
active_probe_planner,occluded_push_recovery,nominal,0.674603,0.573649,0.183252,0.179199,0.072875,0.299359,0.067962,0.031911,0.006913,0.002730,0.004699,0.001962,0.003048,0.002091,7
active_probe_planner,occluded_push_recovery,occlusion_persistence,0.605159,0.533726,0.215247,0.204228,0.083437,0.316235,0.081542,0.053746,0.008791,0.002421,0.001851,0.001547,0.002645,0.002190,7
active_probe_planner,occluded_push_recovery,payload_shift,0.529762,0.516859,0.223390,0.213053,0.085829,0.324696,0.086183,0.032768,0.008643,0.002840,0.003390,0.002734,0.002976,0.001821,7
active_probe_planner,payload_handover,actuator_lag,0.646825,0.529494,0.212987,0.208126,0.084180,0.319547,0.080290,0.019574,0.005981,0.003032,0.003345,0.002020,0.004544,0.002218,7
active_probe_planner,payload_handover,combined_hidden_mechanisms,0.559524,0.494551,0.240653,0.231997,0.092872,0.338533,0.093449,0.035000,0.005422,0.002958,0.002653,0.002438,0.002486,0.001453,7
active_probe_planner,payload_handover,compliance_shift,0.609127,0.533624,0.209452,0.204225,0.080196,0.316025,0.080497,0.049140,0.008875,0.005156,0.003541,0.002762,0.001713,0.001912,7
active_probe_planner,payload_handover,contact_mode_flip,0.609127,0.527258,0.220224,0.212751,0.084843,0.320795,0.083845,0.049140,0.003168,0.004465,0.002801,0.000896,0.002647,0.001928,7
active_probe_planner,payload_handover,friction_shift,0.626984,0.544090,0.206402,0.199944,0.081113,0.314864,0.078421,0.055861,0.004676,0.003982,0.002394,0.004816,0.002964,0.002378,7
active_probe_planner,payload_handover,nominal,0.690476,0.570616,0.182886,0.174755,0.071780,0.297612,0.068104,0.046287,0.006927,0.002351,0.002262,0.001992,0.002271,0.003021,7
active_probe_planner,payload_handover,occlusion_persistence,0.613095,0.535762,0.212904,0.203652,0.083330,0.318853,0.081524,0.065190,0.008314,0.003438,0.003882,0.001069,0.002557,0.001692,7
active_probe_planner,payload_handover,payload_shift,0.575397,0.525030,0.221075,0.215197,0.083493,0.326923,0.084682,0.037030,0.005305,0.004525,0.002520,0.001773,0.002686,0.001464,7
active_probe_planner,peg_insert_with_lag,actuator_lag,0.575397,0.524361,0.218061,0.214603,0.085529,0.320981,0.081379,0.045574,0.004584,0.004240,0.003847,0.002583,0.002939,0.001810,7
active_probe_planner,peg_insert_with_lag,combined_hidden_mechanisms,0.567460,0.481825,0.245114,0.241691,0.094645,0.336752,0.092897,0.048779,0.005478,0.001529,0.004974,0.003406,0.001883,0.001866,7
active_probe_planner,peg_insert_with_lag,compliance_shift,0.603175,0.529592,0.217637,0.206829,0.083849,0.314587,0.079030,0.029015,0.009709,0.002189,0.003125,0.001608,0.002326,0.001249,7
active_probe_planner,peg_insert_with_lag,contact_mode_flip,0.569444,0.516177,0.222710,0.215920,0.088072,0.321195,0.084164,0.045629,0.013643,0.002758,0.002603,0.002567,0.003301,0.001987,7
active_probe_planner,peg_insert_with_lag,friction_shift,0.623016,0.531345,0.210894,0.202527,0.081574,0.313888,0.078754,0.021769,0.004578,0.002790,0.003793,0.000871,0.003947,0.001479,7
active_probe_planner,peg_insert_with_lag,nominal,0.652778,0.565124,0.189917,0.184715,0.074623,0.299590,0.070633,0.018785,0.006684,0.002814,0.002761,0.001728,0.001642,0.002995,7
active_probe_planner,peg_insert_with_lag,occlusion_persistence,0.621032,0.528883,0.218489,0.208432,0.083886,0.320799,0.079662,0.036961,0.009123,0.003329,0.002413,0.002881,0.002783,0.002078,7
active_probe_planner,peg_insert_with_lag,payload_shift,0.561508,0.510869,0.224884,0.222277,0.087294,0.325955,0.082549,0.041522,0.007967,0.002159,0.001764,0.002493,0.003935,0.003051,7
conformal_risk_filter,cluttered_navigation_grasp,actuator_lag,0.517857,0.409017,0.248143,0.252778,0.089096,0.216629,0.089515,0.043537,0.005616,0.002077,0.003435,0.001045,0.002077,0.000961,7
conformal_risk_filter,cluttered_navigation_grasp,combined_hidden_mechanisms,0.458333,0.379191,0.276596,0.285973,0.103105,0.227012,0.102937,0.036134,0.010651,0.005627,0.003189,0.002068,0.004379,0.002287,7
conformal_risk_filter,cluttered_navigation_grasp,compliance_shift,0.531746,0.418084,0.240882,0.245717,0.089204,0.212204,0.088545,0.063624,0.007112,0.002944,0.002520,0.002877,0.003157,0.001737,7
conformal_risk_filter,cluttered_navigation_grasp,contact_mode_flip,0.509921,0.408873,0.250982,0.257720,0.090922,0.217290,0.091294,0.063346,0.005181,0.004251,0.002350,0.002198,0.002651,0.002551,7
conformal_risk_filter,cluttered_navigation_grasp,friction_shift,0.585317,0.421969,0.237496,0.246038,0.087402,0.210621,0.086430,0.028753,0.007170,0.006099,0.002574,0.002075,0.003632,0.001747,7
conformal_risk_filter,cluttered_navigation_grasp,nominal,0.628968,0.452941,0.213471,0.218878,0.077313,0.200437,0.073971,0.038824,0.009906,0.005142,0.003898,0.003360,0.002625,0.002318,7
conformal_risk_filter,cluttered_navigation_grasp,occlusion_persistence,0.541667,0.413867,0.242941,0.252077,0.091390,0.215439,0.088821,0.047893,0.008942,0.004173,0.003948,0.002687,0.002151,0.001463,7
conformal_risk_filter,cluttered_navigation_grasp,payload_shift,0.521825,0.403459,0.256101,0.258764,0.093978,0.218348,0.092914,0.058160,0.008612,0.003051,0.005680,0.001765,0.002825,0.002961,7
conformal_risk_filter,deformable_bin_pick,actuator_lag,0.571429,0.406458,0.249440,0.257429,0.090421,0.215835,0.089777,0.076865,0.011232,0.004190,0.001931,0.000538,0.002073,0.001530,7
conformal_risk_filter,deformable_bin_pick,combined_hidden_mechanisms,0.450397,0.370423,0.278506,0.283273,0.103888,0.228856,0.102746,0.029015,0.004965,0.003616,0.003401,0.002825,0.003296,0.002898,7
conformal_risk_filter,deformable_bin_pick,compliance_shift,0.537698,0.417839,0.245493,0.248858,0.087756,0.217546,0.088787,0.043537,0.006098,0.001764,0.002626,0.003803,0.002507,0.001883,7
conformal_risk_filter,deformable_bin_pick,contact_mode_flip,0.494048,0.405621,0.254481,0.257817,0.093150,0.217720,0.091945,0.047840,0.005666,0.003220,0.002038,0.002396,0.003180,0.002300,7
conformal_risk_filter,deformable_bin_pick,friction_shift,0.503968,0.426722,0.236101,0.242044,0.087398,0.210329,0.084133,0.033977,0.008388,0.002121,0.004193,0.002225,0.001337,0.002810,7
conformal_risk_filter,deformable_bin_pick,nominal,0.601190,0.449192,0.217578,0.219339,0.078306,0.198199,0.074426,0.037904,0.011370,0.003230,0.003416,0.001658,0.003088,0.001966,7
conformal_risk_filter,deformable_bin_pick,occlusion_persistence,0.583333,0.411307,0.245128,0.251824,0.089920,0.213219,0.088555,0.057594,0.010962,0.002562,0.002997,0.001644,0.002157,0.001058,7
conformal_risk_filter,deformable_bin_pick,payload_shift,0.527778,0.403175,0.254036,0.263533,0.094847,0.218943,0.092794,0.048624,0.009690,0.004835,0.001772,0.002089,0.003381,0.002029,7
conformal_risk_filter,drawer_contact_repair,actuator_lag,0.581349,0.424295,0.245503,0.247091,0.086979,0.214042,0.088968,0.046559,0.005908,0.003722,0.002513,0.002784,0.003495,0.002497,7
conformal_risk_filter,drawer_contact_repair,combined_hidden_mechanisms,0.505952,0.386793,0.272246,0.280610,0.100597,0.229208,0.103253,0.030207,0.003972,0.002739,0.005962,0.003125,0.004879,0.001829,7
conformal_risk_filter,drawer_contact_repair,compliance_shift,0.541667,0.425267,0.235639,0.243302,0.087152,0.215729,0.086135,0.071037,0.008838,0.004223,0.003589,0.001225,0.004112,0.001215,7
conformal_risk_filter,drawer_contact_repair,contact_mode_flip,0.543651,0.411829,0.247029,0.252831,0.091820,0.218399,0.091735,0.046559,0.009661,0.003669,0.004858,0.002288,0.003085,0.001345,7
conformal_risk_filter,drawer_contact_repair,friction_shift,0.593254,0.440420,0.230197,0.235941,0.083932,0.210209,0.085949,0.045129,0.005772,0.005296,0.003467,0.000945,0.003779,0.001779,7
conformal_risk_filter,drawer_contact_repair,nominal,0.621032,0.458136,0.206835,0.210661,0.077183,0.199532,0.072646,0.033977,0.007697,0.003638,0.001454,0.003939,0.003686,0.002693,7
conformal_risk_filter,drawer_contact_repair,occlusion_persistence,0.569444,0.423066,0.236706,0.246657,0.090448,0.212662,0.089051,0.050054,0.006667,0.003611,0.003501,0.001791,0.001825,0.003289,7
conformal_risk_filter,drawer_contact_repair,payload_shift,0.513889,0.411972,0.250472,0.254570,0.094205,0.222010,0.094395,0.026566,0.017422,0.003746,0.002706,0.001888,0.002752,0.001531,7
conformal_risk_filter,occluded_push_recovery,actuator_lag,0.492063,0.408726,0.244143,0.253103,0.091588,0.219013,0.091234,0.039340,0.008296,0.002387,0.003058,0.002119,0.003846,0.002185,7
conformal_risk_filter,occluded_push_recovery,combined_hidden_mechanisms,0.468254,0.377068,0.274836,0.280858,0.100345,0.229900,0.102021,0.050306,0.004194,0.003518,0.004038,0.001370,0.002809,0.002826,7
conformal_risk_filter,occluded_push_recovery,compliance_shift,0.569444,0.426552,0.239542,0.243141,0.089914,0.212718,0.089218,0.023007,0.006226,0.002257,0.002558,0.002326,0.001871,0.001961,7
conformal_risk_filter,occluded_push_recovery,contact_mode_flip,0.545635,0.411039,0.249508,0.256291,0.091827,0.218188,0.091214,0.041461,0.007158,0.004837,0.005046,0.002428,0.001442,0.002808,7
conformal_risk_filter,occluded_push_recovery,friction_shift,0.557540,0.423014,0.233995,0.243512,0.086403,0.209169,0.085736,0.042601,0.007002,0.003533,0.003371,0.001267,0.002598,0.001823,7
conformal_risk_filter,occluded_push_recovery,nominal,0.644841,0.454948,0.211994,0.217605,0.078831,0.199311,0.074615,0.041945,0.013698,0.002050,0.004691,0.002227,0.002895,0.003155,7
conformal_risk_filter,occluded_push_recovery,occlusion_persistence,0.551587,0.427109,0.245864,0.247394,0.090747,0.212631,0.091562,0.066073,0.009532,0.003973,0.003690,0.003286,0.001554,0.002148,7
conformal_risk_filter,occluded_push_recovery,payload_shift,0.519841,0.414797,0.254276,0.260129,0.090827,0.216425,0.094278,0.036550,0.008528,0.005512,0.003492,0.002146,0.001694,0.001416,7
conformal_risk_filter,payload_handover,actuator_lag,0.537698,0.419819,0.244688,0.249242,0.090909,0.217031,0.089503,0.039723,0.008291,0.003225,0.003317,0.003042,0.002373,0.002300,7
conformal_risk_filter,payload_handover,combined_hidden_mechanisms,0.452381,0.380539,0.270429,0.279788,0.100870,0.225813,0.101798,0.030785,0.008008,0.004797,0.005147,0.002444,0.003754,0.002560,7
conformal_risk_filter,payload_handover,compliance_shift,0.575397,0.424290,0.239068,0.246890,0.089741,0.213835,0.088272,0.029617,0.006422,0.002575,0.003735,0.001792,0.002327,0.003017,7
conformal_risk_filter,payload_handover,contact_mode_flip,0.533730,0.411972,0.249496,0.251821,0.092780,0.215888,0.092224,0.023655,0.007896,0.002760,0.004410,0.001286,0.003264,0.000983,7
conformal_risk_filter,payload_handover,friction_shift,0.559524,0.429408,0.232853,0.242147,0.086745,0.209821,0.087845,0.047043,0.009398,0.001981,0.001648,0.001842,0.002686,0.002423,7
conformal_risk_filter,payload_handover,nominal,0.613095,0.451826,0.210159,0.219054,0.077464,0.194875,0.072529,0.053274,0.005768,0.004310,0.002651,0.001856,0.002781,0.001906,7
conformal_risk_filter,payload_handover,occlusion_persistence,0.539683,0.416650,0.243385,0.246210,0.089593,0.212888,0.088338,0.059827,0.009194,0.003408,0.005088,0.001624,0.004073,0.001240,7
conformal_risk_filter,payload_handover,payload_shift,0.521825,0.410979,0.251185,0.258438,0.092005,0.221040,0.095192,0.056623,0.002533,0.007518,0.002753,0.002215,0.001720,0.002973,7
conformal_risk_filter,peg_insert_with_lag,actuator_lag,0.545635,0.406339,0.252944,0.253964,0.090225,0.217699,0.091767,0.049242,0.006941,0.003160,0.004775,0.002197,0.002862,0.001324,7
conformal_risk_filter,peg_insert_with_lag,combined_hidden_mechanisms,0.460317,0.367940,0.280873,0.284471,0.103848,0.227777,0.104555,0.041764,0.011568,0.005500,0.005016,0.001388,0.002334,0.001759,7
conformal_risk_filter,peg_insert_with_lag,compliance_shift,0.507937,0.414916,0.243694,0.250251,0.092453,0.214603,0.089093,0.058463,0.007729,0.002094,0.003560,0.002423,0.003360,0.003481,7
conformal_risk_filter,peg_insert_with_lag,contact_mode_flip,0.539683,0.408790,0.256184,0.261224,0.094497,0.217088,0.091700,0.032768,0.010388,0.003357,0.003020,0.003218,0.003036,0.002446,7
conformal_risk_filter,peg_insert_with_lag,friction_shift,0.575397,0.417381,0.239786,0.243403,0.087455,0.211221,0.084384,0.042363,0.007547,0.003095,0.003572,0.003770,0.005664,0.001876,7
conformal_risk_filter,peg_insert_with_lag,nominal,0.595238,0.449761,0.215656,0.218522,0.081368,0.199227,0.075241,0.016191,0.006407,0.003714,0.005241,0.001370,0.002760,0.003397,7
conformal_risk_filter,peg_insert_with_lag,occlusion_persistence,0.533730,0.417113,0.249251,0.253315,0.090369,0.215196,0.088972,0.054073,0.004944,0.002781,0.002636,0.001825,0.003387,0.002550,7
conformal_risk_filter,peg_insert_with_lag,payload_shift,0.488095,0.400700,0.260106,0.262731,0.096907,0.220350,0.094101,0.041764,0.010392,0.003597,0.003452,0.001403,0.002551,0.001796,7
data_augmented_world_model,cluttered_navigation_grasp,actuator_lag,0.367063,0.275743,0.343242,0.321462,0.119351,0.098377,0.132390,0.057856,0.010785,0.002748,0.003212,0.001907,0.001178,0.001733,7
data_augmented_world_model,cluttered_navigation_grasp,combined_hidden_mechanisms,0.321429,0.238587,0.382525,0.367367,0.135094,0.109447,0.151828,0.046559,0.008161,0.003681,0.003971,0.001600,0.003071,0.001492,7
data_augmented_world_model,cluttered_navigation_grasp,compliance_shift,0.448413,0.285162,0.334127,0.320228,0.118949,0.099483,0.128758,0.059319,0.004455,0.002002,0.004615,0.001991,0.003405,0.002211,7
data_augmented_world_model,cluttered_navigation_grasp,contact_mode_flip,0.390873,0.274013,0.352658,0.331742,0.123449,0.098453,0.134478,0.056801,0.013342,0.004432,0.004502,0.002008,0.002112,0.003156,7
data_augmented_world_model,cluttered_navigation_grasp,friction_shift,0.501984,0.285545,0.328358,0.310557,0.114417,0.096774,0.125081,0.040477,0.008619,0.004177,0.004945,0.001884,0.001987,0.001630,7
data_augmented_world_model,cluttered_navigation_grasp,nominal,0.537698,0.327034,0.297021,0.278159,0.104282,0.091706,0.110595,0.045904,0.006814,0.003090,0.002553,0.001786,0.002755,0.002063,7
data_augmented_world_model,cluttered_navigation_grasp,occlusion_persistence,0.414683,0.274066,0.338589,0.321287,0.117161,0.097114,0.130601,0.042184,0.004381,0.003791,0.003184,0.002441,0.002930,0.001918,7
data_augmented_world_model,cluttered_navigation_grasp,payload_shift,0.402778,0.263111,0.353531,0.335531,0.121742,0.103911,0.137222,0.045241,0.004396,0.003386,0.001409,0.001307,0.002348,0.002862,7
data_augmented_world_model,deformable_bin_pick,actuator_lag,0.400794,0.269703,0.343348,0.326186,0.121391,0.100414,0.134918,0.026849,0.006478,0.002898,0.003662,0.002131,0.002287,0.003152,7
data_augmented_world_model,deformable_bin_pick,combined_hidden_mechanisms,0.325397,0.236117,0.383573,0.364489,0.136640,0.111471,0.153493,0.027129,0.010295,0.003760,0.003627,0.002720,0.003328,0.001393,7
data_augmented_world_model,deformable_bin_pick,compliance_shift,0.386905,0.274844,0.335346,0.318642,0.117756,0.099605,0.130429,0.034856,0.004867,0.001517,0.004152,0.001545,0.003447,0.001873,7
data_augmented_world_model,deformable_bin_pick,contact_mode_flip,0.388889,0.265321,0.351504,0.329467,0.123958,0.101367,0.136596,0.033604,0.006617,0.003971,0.004886,0.001673,0.003378,0.002017,7
data_augmented_world_model,deformable_bin_pick,friction_shift,0.410714,0.286129,0.329490,0.313496,0.115965,0.097138,0.125812,0.041522,0.006844,0.004462,0.002672,0.003517,0.002044,0.002711,7
data_augmented_world_model,deformable_bin_pick,nominal,0.511905,0.311192,0.298546,0.279988,0.101022,0.090615,0.109003,0.040910,0.008855,0.003383,0.003018,0.002874,0.004013,0.001684,7
data_augmented_world_model,deformable_bin_pick,occlusion_persistence,0.406746,0.279991,0.339490,0.324764,0.118641,0.098195,0.130113,0.056579,0.010489,0.004833,0.003011,0.002573,0.004271,0.002928,7
data_augmented_world_model,deformable_bin_pick,payload_shift,0.386905,0.270367,0.356589,0.336167,0.124542,0.102333,0.137464,0.056176,0.011066,0.005134,0.002421,0.002601,0.003273,0.002308,7
data_augmented_world_model,drawer_contact_repair,actuator_lag,0.412698,0.283533,0.336893,0.316615,0.119120,0.096594,0.133475,0.035501,0.006488,0.003521,0.003965,0.001974,0.003030,0.003252,7
data_augmented_world_model,drawer_contact_repair,combined_hidden_mechanisms,0.333333,0.251859,0.372721,0.360736,0.134334,0.108136,0.151384,0.040725,0.007740,0.003551,0.004112,0.001925,0.002284,0.002883,7
data_augmented_world_model,drawer_contact_repair,compliance_shift,0.480159,0.293057,0.333186,0.311187,0.118458,0.099271,0.128940,0.024390,0.005625,0.002278,0.003772,0.002020,0.004218,0.002769,7
data_augmented_world_model,drawer_contact_repair,contact_mode_flip,0.398810,0.282046,0.342343,0.327600,0.120072,0.104108,0.134808,0.053369,0.010654,0.003763,0.002240,0.002361,0.003056,0.002083,7
data_augmented_world_model,drawer_contact_repair,friction_shift,0.505952,0.300839,0.322887,0.302643,0.112707,0.097317,0.124419,0.017679,0.006694,0.003319,0.005719,0.001690,0.002663,0.002428,7
data_augmented_world_model,drawer_contact_repair,nominal,0.543651,0.321507,0.291441,0.272302,0.100550,0.086596,0.109544,0.038235,0.004879,0.004964,0.002363,0.001102,0.002895,0.001800,7
data_augmented_world_model,drawer_contact_repair,occlusion_persistence,0.464286,0.288478,0.332203,0.315625,0.115962,0.100044,0.132855,0.031911,0.005210,0.003549,0.006675,0.002775,0.003583,0.001789,7
data_augmented_world_model,drawer_contact_repair,payload_shift,0.432540,0.276216,0.349329,0.333707,0.123296,0.101409,0.139005,0.049853,0.006813,0.004741,0.003076,0.002274,0.003760,0.001954,7
data_augmented_world_model,occluded_push_recovery,actuator_lag,0.418651,0.276642,0.340410,0.324569,0.120573,0.100584,0.132001,0.041764,0.005972,0.004063,0.003181,0.001425,0.003094,0.001701,7
data_augmented_world_model,occluded_push_recovery,combined_hidden_mechanisms,0.303571,0.248372,0.383206,0.363207,0.133939,0.106892,0.154804,0.026849,0.005523,0.002852,0.003059,0.002869,0.002636,0.001864,7
data_augmented_world_model,occluded_push_recovery,compliance_shift,0.422619,0.280268,0.330487,0.319713,0.117049,0.099849,0.127837,0.048934,0.007871,0.004576,0.002505,0.001631,0.002139,0.001637,7
data_augmented_world_model,occluded_push_recovery,contact_mode_flip,0.378968,0.265746,0.345009,0.331580,0.122503,0.099651,0.136639,0.032381,0.008552,0.003046,0.004031,0.001921,0.002528,0.002191,7
data_augmented_world_model,occluded_push_recovery,friction_shift,0.448413,0.287758,0.330585,0.311176,0.115498,0.095376,0.126875,0.052368,0.004431,0.003084,0.004665,0.002923,0.001233,0.001304,7
data_augmented_world_model,occluded_push_recovery,nominal,0.450397,0.309338,0.294714,0.277218,0.102475,0.089396,0.110177,0.050705,0.005401,0.002528,0.003202,0.001947,0.003635,0.001906,7
data_augmented_world_model,occluded_push_recovery,occlusion_persistence,0.444444,0.279487,0.339156,0.319615,0.117803,0.097996,0.131383,0.033075,0.005531,0.005073,0.003585,0.001785,0.003200,0.003082,7
data_augmented_world_model,occluded_push_recovery,payload_shift,0.345238,0.268718,0.352428,0.335914,0.125222,0.100986,0.138402,0.039147,0.008913,0.004368,0.004762,0.002255,0.002517,0.002108,7
data_augmented_world_model,payload_handover,actuator_lag,0.450397,0.278500,0.339050,0.322877,0.117048,0.101077,0.132496,0.026471,0.005345,0.003236,0.004579,0.002114,0.002730,0.002313,7
data_augmented_world_model,payload_handover,combined_hidden_mechanisms,0.347222,0.245414,0.381118,0.362477,0.133454,0.104901,0.152325,0.052127,0.007786,0.003038,0.003327,0.002191,0.001407,0.002905,7
data_augmented_world_model,payload_handover,compliance_shift,0.432540,0.281517,0.332781,0.312052,0.116926,0.096918,0.130338,0.035854,0.008204,0.002173,0.003601,0.001661,0.002061,0.001584,7
data_augmented_world_model,payload_handover,contact_mode_flip,0.470238,0.280854,0.346241,0.325156,0.120972,0.098619,0.136945,0.042184,0.011865,0.003108,0.004232,0.001574,0.003175,0.001581,7
data_augmented_world_model,payload_handover,friction_shift,0.438492,0.290988,0.326250,0.309334,0.112598,0.096594,0.126588,0.072962,0.006767,0.004890,0.004373,0.002351,0.002775,0.003458,7
data_augmented_world_model,payload_handover,nominal,0.476190,0.313997,0.292991,0.275304,0.100720,0.090202,0.110819,0.025002,0.008452,0.002596,0.004244,0.002975,0.002456,0.002596,7
data_augmented_world_model,payload_handover,occlusion_persistence,0.402778,0.282612,0.337941,0.316744,0.115486,0.098723,0.130221,0.030290,0.007562,0.003979,0.003977,0.002787,0.003300,0.001651,7
data_augmented_world_model,payload_handover,payload_shift,0.369048,0.276453,0.348426,0.334964,0.125376,0.103429,0.138888,0.036550,0.007353,0.002499,0.002601,0.002337,0.003418,0.001998,7
data_augmented_world_model,peg_insert_with_lag,actuator_lag,0.371032,0.265983,0.345719,0.326683,0.121747,0.096327,0.132177,0.042719,0.002589,0.002454,0.002207,0.001606,0.002033,0.002047,7
data_augmented_world_model,peg_insert_with_lag,combined_hidden_mechanisms,0.335317,0.239106,0.389259,0.365819,0.135931,0.108822,0.152145,0.053933,0.007908,0.003542,0.005494,0.002072,0.001150,0.002639,7
data_augmented_world_model,peg_insert_with_lag,compliance_shift,0.398810,0.273444,0.339102,0.320106,0.119458,0.096471,0.128302,0.075308,0.007906,0.003411,0.004317,0.001807,0.003101,0.001092,7
data_augmented_world_model,peg_insert_with_lag,contact_mode_flip,0.394841,0.269093,0.353131,0.333113,0.123057,0.101820,0.135462,0.037971,0.006618,0.003030,0.006064,0.001514,0.003075,0.002611,7
data_augmented_world_model,peg_insert_with_lag,friction_shift,0.446429,0.287792,0.330199,0.314452,0.116731,0.094528,0.124608,0.048050,0.005391,0.003354,0.006223,0.001727,0.003758,0.002662,7
data_augmented_world_model,peg_insert_with_lag,nominal,0.464286,0.310405,0.299160,0.278644,0.103134,0.089449,0.110096,0.025103,0.005662,0.003073,0.002549,0.001147,0.002735,0.001694,7
data_augmented_world_model,peg_insert_with_lag,occlusion_persistence,0.388889,0.271381,0.339868,0.323074,0.119771,0.100472,0.130004,0.026566,0.009103,0.004668,0.002370,0.002604,0.003003,0.001581,7
data_augmented_world_model,peg_insert_with_lag,payload_shift,0.382937,0.260411,0.354730,0.337745,0.123349,0.102973,0.135651,0.036064,0.006600,0.003660,0.001560,0.003006,0.002441,0.002129,7
ensemble_disagreement_planner,cluttered_navigation_grasp,actuator_lag,0.509921,0.385371,0.268376,0.260876,0.097644,0.183413,0.101746,0.050655,0.010135,0.004881,0.003125,0.001320,0.003200,0.001994,7
ensemble_disagreement_planner,cluttered_navigation_grasp,combined_hidden_mechanisms,0.462302,0.349155,0.299020,0.294324,0.111376,0.198714,0.115176,0.047417,0.005436,0.002441,0.003181,0.002124,0.001539,0.001818,7
ensemble_disagreement_planner,cluttered_navigation_grasp,compliance_shift,0.547619,0.392934,0.259567,0.252909,0.096530,0.181854,0.097250,0.073444,0.007227,0.002668,0.004083,0.002171,0.002074,0.003247,7
ensemble_disagreement_planner,cluttered_navigation_grasp,contact_mode_flip,0.490079,0.385896,0.270743,0.264068,0.099521,0.188065,0.101749,0.021182,0.008488,0.003582,0.004220,0.002470,0.002279,0.002652,7
ensemble_disagreement_planner,cluttered_navigation_grasp,friction_shift,0.533730,0.404577,0.255949,0.249694,0.093463,0.179540,0.093528,0.043998,0.005743,0.003381,0.003588,0.001909,0.003896,0.002687,7
ensemble_disagreement_planner,cluttered_navigation_grasp,nominal,0.644841,0.429324,0.230290,0.226124,0.084430,0.169360,0.082869,0.037971,0.007631,0.005534,0.003438,0.002109,0.003522,0.001723,7
ensemble_disagreement_planner,cluttered_navigation_grasp,occlusion_persistence,0.513889,0.390283,0.265499,0.259746,0.098341,0.185937,0.098266,0.054119,0.005886,0.004054,0.002862,0.000845,0.003895,0.001928,7
ensemble_disagreement_planner,cluttered_navigation_grasp,payload_shift,0.517857,0.372934,0.278474,0.268574,0.101167,0.187154,0.104115,0.045129,0.007316,0.003977,0.002318,0.001213,0.002993,0.001328,7
ensemble_disagreement_planner,deformable_bin_pick,actuator_lag,0.529762,0.385679,0.269940,0.264815,0.100144,0.185342,0.100870,0.035358,0.007806,0.004059,0.005827,0.002010,0.002242,0.001949,7
ensemble_disagreement_planner,deformable_bin_pick,combined_hidden_mechanisms,0.438492,0.356610,0.303318,0.290271,0.109920,0.193720,0.115945,0.051396,0.008922,0.002304,0.002765,0.001369,0.001486,0.001059,7
ensemble_disagreement_planner,deformable_bin_pick,compliance_shift,0.559524,0.396098,0.262254,0.256847,0.097968,0.182099,0.097448,0.035000,0.004951,0.002763,0.005116,0.002532,0.002903,0.002044,7
ensemble_disagreement_planner,deformable_bin_pick,contact_mode_flip,0.503968,0.385291,0.274636,0.266332,0.102390,0.184803,0.102234,0.040164,0.007627,0.003088,0.002234,0.001667,0.003317,0.002399,7
ensemble_disagreement_planner,deformable_bin_pick,friction_shift,0.571429,0.395895,0.259601,0.251390,0.094109,0.180884,0.093459,0.029360,0.006931,0.005912,0.004188,0.002833,0.001596,0.001658,7
ensemble_disagreement_planner,deformable_bin_pick,nominal,0.621032,0.430332,0.230809,0.218528,0.083727,0.171148,0.085325,0.021999,0.009352,0.003165,0.002878,0.002079,0.003973,0.002774,7
ensemble_disagreement_planner,deformable_bin_pick,occlusion_persistence,0.513889,0.390768,0.264996,0.261829,0.099140,0.184470,0.099453,0.024493,0.011238,0.004373,0.004726,0.001362,0.002092,0.002830,7
ensemble_disagreement_planner,deformable_bin_pick,payload_shift,0.505952,0.373640,0.275962,0.268094,0.102829,0.187707,0.101393,0.041945,0.005286,0.003734,0.001814,0.002207,0.001687,0.002193,7
ensemble_disagreement_planner,drawer_contact_repair,actuator_lag,0.559524,0.402244,0.259385,0.254697,0.095796,0.185219,0.097344,0.032381,0.006640,0.003640,0.003080,0.001914,0.002461,0.001717,7
ensemble_disagreement_planner,drawer_contact_repair,combined_hidden_mechanisms,0.460317,0.364051,0.297427,0.291331,0.108628,0.198761,0.115261,0.040910,0.004787,0.002542,0.004035,0.002321,0.002601,0.001349,7
ensemble_disagreement_planner,drawer_contact_repair,compliance_shift,0.571429,0.406013,0.254388,0.252340,0.093405,0.183376,0.098323,0.049497,0.008970,0.004037,0.003754,0.002530,0.002575,0.002304,7
ensemble_disagreement_planner,drawer_contact_repair,contact_mode_flip,0.545635,0.395109,0.267706,0.262034,0.098067,0.186223,0.103894,0.014200,0.006326,0.003783,0.006727,0.001368,0.002473,0.001980,7
ensemble_disagreement_planner,drawer_contact_repair,friction_shift,0.591270,0.413426,0.252085,0.243754,0.092028,0.183816,0.095560,0.053416,0.005280,0.004952,0.003876,0.002293,0.001742,0.000919,7
ensemble_disagreement_planner,drawer_contact_repair,nominal,0.607143,0.439309,0.225912,0.217351,0.081778,0.172101,0.081614,0.048155,0.004958,0.003331,0.003804,0.001784,0.002540,0.001990,7
ensemble_disagreement_planner,drawer_contact_repair,occlusion_persistence,0.537698,0.397180,0.259157,0.251480,0.097804,0.184588,0.098351,0.036481,0.009952,0.006023,0.002524,0.003340,0.003121,0.002455,7
ensemble_disagreement_planner,drawer_contact_repair,payload_shift,0.511905,0.385676,0.271818,0.267240,0.099080,0.189039,0.103926,0.027499,0.006391,0.001216,0.002792,0.002529,0.004217,0.003092,7
ensemble_disagreement_planner,occluded_push_recovery,actuator_lag,0.492063,0.393391,0.265724,0.262515,0.097164,0.184087,0.101140,0.073444,0.009980,0.001798,0.003325,0.001693,0.002876,0.001870,7
ensemble_disagreement_planner,occluded_push_recovery,combined_hidden_mechanisms,0.430556,0.354422,0.298942,0.292317,0.110536,0.197208,0.115177,0.032537,0.006479,0.002519,0.002305,0.002715,0.002294,0.002043,7
ensemble_disagreement_planner,occluded_push_recovery,compliance_shift,0.498016,0.398414,0.258533,0.254812,0.095836,0.182945,0.098817,0.062706,0.009035,0.003692,0.003750,0.001882,0.002751,0.003700,7
ensemble_disagreement_planner,occluded_push_recovery,contact_mode_flip,0.492063,0.383841,0.273745,0.267900,0.100746,0.189027,0.101848,0.058463,0.011544,0.003979,0.004394,0.002255,0.005109,0.001352,7
ensemble_disagreement_planner,occluded_push_recovery,friction_shift,0.571429,0.403330,0.254025,0.248095,0.092301,0.182224,0.095699,0.050205,0.005483,0.002310,0.002847,0.002876,0.005084,0.000903,7
ensemble_disagreement_planner,occluded_push_recovery,nominal,0.626984,0.432215,0.230543,0.224030,0.084680,0.169827,0.084482,0.059531,0.005854,0.003402,0.002536,0.001579,0.002974,0.002151,7
ensemble_disagreement_planner,occluded_push_recovery,occlusion_persistence,0.529762,0.392262,0.263454,0.258145,0.095184,0.184709,0.100331,0.013841,0.010347,0.005021,0.005530,0.003304,0.004289,0.002148,7
ensemble_disagreement_planner,occluded_push_recovery,payload_shift,0.478175,0.387091,0.275619,0.270394,0.101437,0.189622,0.102523,0.046341,0.005469,0.003598,0.003951,0.002201,0.003863,0.001718,7
ensemble_disagreement_planner,payload_handover,actuator_lag,0.523810,0.393117,0.265832,0.258783,0.099053,0.183397,0.099672,0.018515,0.014829,0.001973,0.005001,0.001012,0.002938,0.001869,7
ensemble_disagreement_planner,payload_handover,combined_hidden_mechanisms,0.428571,0.357243,0.296545,0.290379,0.109935,0.194658,0.115067,0.049853,0.007661,0.003738,0.002459,0.002567,0.005124,0.001324,7
ensemble_disagreement_planner,payload_handover,compliance_shift,0.525794,0.402602,0.260895,0.252439,0.094484,0.185427,0.098215,0.054259,0.008524,0.004631,0.003000,0.001838,0.001792,0.001377,7
ensemble_disagreement_planner,payload_handover,contact_mode_flip,0.543651,0.388894,0.268459,0.264889,0.099747,0.186748,0.104552,0.041339,0.009017,0.005646,0.002584,0.002270,0.002995,0.002416,7
ensemble_disagreement_planner,payload_handover,friction_shift,0.557540,0.405406,0.256105,0.247600,0.094546,0.181961,0.094806,0.026184,0.009227,0.003086,0.003260,0.002542,0.003248,0.002352,7
ensemble_disagreement_planner,payload_handover,nominal,0.581349,0.435319,0.227237,0.220123,0.084808,0.171158,0.082191,0.048050,0.003808,0.002002,0.003229,0.001363,0.002778,0.001345,7
ensemble_disagreement_planner,payload_handover,occlusion_persistence,0.525794,0.394440,0.262980,0.256261,0.095606,0.182860,0.100122,0.041339,0.010095,0.004686,0.004081,0.001406,0.001663,0.002576,7
ensemble_disagreement_planner,payload_handover,payload_shift,0.561508,0.380625,0.274277,0.267206,0.101565,0.187376,0.103895,0.051052,0.005149,0.004997,0.003209,0.001713,0.003027,0.002486,7
ensemble_disagreement_planner,peg_insert_with_lag,actuator_lag,0.494048,0.383833,0.270635,0.262707,0.099789,0.182383,0.098916,0.036064,0.002069,0.003514,0.006048,0.002840,0.002322,0.002434,7
ensemble_disagreement_planner,peg_insert_with_lag,combined_hidden_mechanisms,0.408730,0.342514,0.301157,0.293655,0.112193,0.195681,0.113346,0.074872,0.010735,0.002856,0.004815,0.002372,0.002283,0.002258,7
ensemble_disagreement_planner,peg_insert_with_lag,compliance_shift,0.531746,0.386009,0.266623,0.257877,0.097159,0.182379,0.097929,0.032922,0.004933,0.004465,0.002674,0.001237,0.001701,0.001673,7
ensemble_disagreement_planner,peg_insert_with_lag,contact_mode_flip,0.498016,0.377894,0.274569,0.266044,0.099274,0.187752,0.103112,0.024800,0.007704,0.003244,0.003552,0.001718,0.004358,0.003127,7
ensemble_disagreement_planner,peg_insert_with_lag,friction_shift,0.507937,0.399992,0.260183,0.250717,0.097482,0.181863,0.093595,0.039786,0.005724,0.002767,0.002728,0.002032,0.002775,0.002099,7
ensemble_disagreement_planner,peg_insert_with_lag,nominal,0.545635,0.423633,0.231503,0.225578,0.088193,0.174198,0.084966,0.048883,0.006985,0.001757,0.002883,0.001817,0.004399,0.002171,7
ensemble_disagreement_planner,peg_insert_with_lag,occlusion_persistence,0.511905,0.392610,0.264694,0.258123,0.097656,0.185500,0.099433,0.044226,0.009305,0.005332,0.005298,0.002465,0.004559,0.001588,7
ensemble_disagreement_planner,peg_insert_with_lag,payload_shift,0.527778,0.373706,0.279204,0.273471,0.104276,0.190355,0.103524,0.036619,0.003808,0.004001,0.004027,0.001160,0.002980,0.002122,7
failure_classifier_repair,cluttered_navigation_grasp,actuator_lag,0.563492,0.450789,0.244104,0.239797,0.085800,0.243299,0.087185,0.040227,0.010945,0.002964,0.002101,0.002105,0.002268,0.003117,7
failure_classifier_repair,cluttered_navigation_grasp,combined_hidden_mechanisms,0.501984,0.402851,0.273334,0.268841,0.101574,0.257663,0.101395,0.067842,0.009402,0.002449,0.001902,0.002480,0.001985,0.002252,7
failure_classifier_repair,cluttered_navigation_grasp,compliance_shift,0.551587,0.451817,0.240464,0.231542,0.086413,0.238671,0.085040,0.035994,0.005743,0.002849,0.004104,0.002031,0.003035,0.002261,7
failure_classifier_repair,cluttered_navigation_grasp,contact_mode_flip,0.531746,0.439959,0.245976,0.244466,0.088175,0.244716,0.090638,0.039276,0.004997,0.002569,0.003873,0.002875,0.003301,0.003175,7
failure_classifier_repair,cluttered_navigation_grasp,friction_shift,0.597222,0.466822,0.233082,0.226360,0.086481,0.238294,0.083880,0.054768,0.007641,0.001813,0.003687,0.003308,0.003272,0.001499,7
failure_classifier_repair,cluttered_navigation_grasp,nominal,0.658730,0.499308,0.207086,0.203271,0.075386,0.223966,0.072745,0.062545,0.007099,0.003289,0.002319,0.001686,0.004516,0.002582,7
failure_classifier_repair,cluttered_navigation_grasp,occlusion_persistence,0.591270,0.456382,0.236940,0.239920,0.087380,0.238794,0.086090,0.029617,0.007593,0.004948,0.003127,0.000815,0.002816,0.002032,7
failure_classifier_repair,cluttered_navigation_grasp,payload_shift,0.539683,0.437139,0.250553,0.250645,0.089440,0.245655,0.091429,0.032768,0.010801,0.004213,0.003143,0.001465,0.003510,0.002042,7
failure_classifier_repair,deformable_bin_pick,actuator_lag,0.569444,0.445287,0.246663,0.243476,0.090339,0.241681,0.087309,0.036134,0.008740,0.003158,0.001835,0.001681,0.001839,0.001405,7
failure_classifier_repair,deformable_bin_pick,combined_hidden_mechanisms,0.505952,0.400991,0.274143,0.271959,0.099638,0.259137,0.100588,0.040663,0.009663,0.002353,0.003341,0.001280,0.002417,0.001629,7
failure_classifier_repair,deformable_bin_pick,compliance_shift,0.565476,0.456392,0.240703,0.235211,0.088918,0.240792,0.087385,0.021182,0.005680,0.002985,0.003164,0.002266,0.003632,0.002389,7
failure_classifier_repair,deformable_bin_pick,contact_mode_flip,0.513889,0.436537,0.249847,0.245452,0.089615,0.246430,0.088665,0.034125,0.009118,0.004413,0.003783,0.002533,0.003123,0.001930,7
failure_classifier_repair,deformable_bin_pick,friction_shift,0.563492,0.457450,0.232486,0.227633,0.085435,0.238410,0.081156,0.027772,0.004915,0.003606,0.002661,0.001444,0.002937,0.001730,7
failure_classifier_repair,deformable_bin_pick,nominal,0.664683,0.497812,0.210098,0.203598,0.077547,0.223599,0.076021,0.039595,0.003950,0.005720,0.004784,0.002499,0.002988,0.001259,7
failure_classifier_repair,deformable_bin_pick,occlusion_persistence,0.575397,0.451584,0.241487,0.237728,0.088477,0.240442,0.087057,0.048934,0.006067,0.001922,0.004022,0.001965,0.001891,0.002815,7
failure_classifier_repair,deformable_bin_pick,payload_shift,0.555556,0.435365,0.251537,0.247148,0.093441,0.246350,0.089452,0.030290,0.004948,0.005288,0.002975,0.002910,0.002632,0.001586,7
failure_classifier_repair,drawer_contact_repair,actuator_lag,0.593254,0.451749,0.242011,0.234158,0.087416,0.243040,0.086208,0.035994,0.006449,0.003103,0.002276,0.001811,0.002479,0.003285,7
failure_classifier_repair,drawer_contact_repair,combined_hidden_mechanisms,0.488095,0.417581,0.265131,0.260526,0.096155,0.256356,0.100438,0.031673,0.004301,0.005385,0.004458,0.001747,0.003594,0.000833,7
failure_classifier_repair,drawer_contact_repair,compliance_shift,0.605159,0.465291,0.235066,0.231598,0.084754,0.239201,0.087254,0.032459,0.007643,0.003619,0.004094,0.002376,0.003938,0.002195,7
failure_classifier_repair,drawer_contact_repair,contact_mode_flip,0.561508,0.448175,0.244270,0.239502,0.087066,0.246764,0.088848,0.016651,0.009772,0.003013,0.003749,0.003434,0.003038,0.002789,7
failure_classifier_repair,drawer_contact_repair,friction_shift,0.593254,0.466049,0.225201,0.226316,0.083327,0.235610,0.083435,0.051347,0.008479,0.004431,0.004124,0.002270,0.003155,0.003223,7
failure_classifier_repair,drawer_contact_repair,nominal,0.668651,0.504561,0.202936,0.202969,0.074000,0.224505,0.074038,0.016191,0.007440,0.005721,0.002918,0.002385,0.002302,0.002767,7
failure_classifier_repair,drawer_contact_repair,occlusion_persistence,0.583333,0.455972,0.235513,0.228862,0.086124,0.240750,0.085461,0.048260,0.004701,0.004223,0.002777,0.002185,0.003625,0.001805,7
failure_classifier_repair,drawer_contact_repair,payload_shift,0.541667,0.449447,0.248297,0.240643,0.087461,0.246225,0.090863,0.029102,0.006648,0.004642,0.003481,0.003740,0.002489,0.000916,7
failure_classifier_repair,occluded_push_recovery,actuator_lag,0.575397,0.447641,0.242614,0.237700,0.088450,0.240588,0.089769,0.087680,0.007163,0.002909,0.002651,0.002018,0.003594,0.001079,7
failure_classifier_repair,occluded_push_recovery,combined_hidden_mechanisms,0.456349,0.411573,0.266807,0.268231,0.097499,0.256985,0.100756,0.069130,0.009160,0.004567,0.004464,0.002440,0.002783,0.002632,7
failure_classifier_repair,occluded_push_recovery,compliance_shift,0.595238,0.455838,0.237181,0.232423,0.084865,0.239018,0.085358,0.023333,0.008113,0.003861,0.003537,0.001607,0.002618,0.002885,7
failure_classifier_repair,occluded_push_recovery,contact_mode_flip,0.551587,0.440770,0.245684,0.241962,0.088173,0.245514,0.087392,0.054026,0.010760,0.004223,0.003640,0.003074,0.001664,0.002150,7
failure_classifier_repair,occluded_push_recovery,friction_shift,0.531746,0.467153,0.231478,0.229546,0.083717,0.237763,0.084577,0.055317,0.006246,0.002870,0.002129,0.001548,0.002657,0.002120,7
failure_classifier_repair,occluded_push_recovery,nominal,0.623016,0.497823,0.206658,0.207182,0.073266,0.225639,0.074437,0.018241,0.007351,0.004565,0.004041,0.003000,0.002292,0.002094,7
failure_classifier_repair,occluded_push_recovery,occlusion_persistence,0.553571,0.448744,0.237166,0.237804,0.086449,0.240404,0.086572,0.024800,0.003245,0.003714,0.004344,0.002732,0.001681,0.002130,7
failure_classifier_repair,occluded_push_recovery,payload_shift,0.519841,0.437529,0.245635,0.249417,0.090601,0.245394,0.090680,0.044397,0.009328,0.004106,0.001944,0.001757,0.002211,0.002816,7
failure_classifier_repair,payload_handover,actuator_lag,0.561508,0.448757,0.240815,0.238406,0.086613,0.242808,0.087351,0.056623,0.008245,0.004412,0.001714,0.001893,0.002422,0.002312,7
failure_classifier_repair,payload_handover,combined_hidden_mechanisms,0.523810,0.407277,0.268341,0.267860,0.096180,0.257519,0.101360,0.039723,0.007524,0.001465,0.002943,0.001057,0.002367,0.003013,7
failure_classifier_repair,payload_handover,compliance_shift,0.559524,0.460814,0.234978,0.233109,0.086232,0.240643,0.085790,0.036961,0.012214,0.004019,0.004244,0.002175,0.001961,0.001290,7
failure_classifier_repair,payload_handover,contact_mode_flip,0.603175,0.447761,0.248673,0.243408,0.089132,0.246819,0.089070,0.065306,0.005970,0.003377,0.003160,0.001676,0.002371,0.002046,7
failure_classifier_repair,payload_handover,friction_shift,0.605159,0.458425,0.225853,0.225281,0.082999,0.237806,0.085684,0.057243,0.006236,0.004464,0.002482,0.002682,0.003438,0.000924,7
failure_classifier_repair,payload_handover,nominal,0.640873,0.505275,0.207831,0.207266,0.074889,0.227044,0.074138,0.047310,0.006636,0.004156,0.002759,0.002758,0.003290,0.002054,7
failure_classifier_repair,payload_handover,occlusion_persistence,0.569444,0.460530,0.236667,0.235628,0.085683,0.240174,0.083668,0.020578,0.011611,0.002465,0.005594,0.001727,0.004126,0.001207,7
failure_classifier_repair,payload_handover,payload_shift,0.569444,0.436900,0.245789,0.247775,0.092851,0.245365,0.091055,0.063703,0.007303,0.004542,0.004254,0.002543,0.004429,0.003483,7
failure_classifier_repair,peg_insert_with_lag,actuator_lag,0.537698,0.450354,0.245681,0.244260,0.089173,0.241384,0.087723,0.045129,0.008494,0.002313,0.004393,0.002564,0.001739,0.002001,7
failure_classifier_repair,peg_insert_with_lag,combined_hidden_mechanisms,0.468254,0.398520,0.274322,0.272641,0.099988,0.260430,0.100584,0.031273,0.006436,0.002775,0.003710,0.002889,0.002118,0.002546,7
failure_classifier_repair,peg_insert_with_lag,compliance_shift,0.533730,0.451197,0.240877,0.236417,0.085955,0.238237,0.085130,0.054398,0.005211,0.003429,0.003643,0.002547,0.002135,0.001600,7
failure_classifier_repair,peg_insert_with_lag,contact_mode_flip,0.553571,0.438105,0.249180,0.245874,0.089515,0.245550,0.088829,0.040910,0.004549,0.003110,0.002821,0.001813,0.002997,0.002946,7
failure_classifier_repair,peg_insert_with_lag,friction_shift,0.583333,0.462792,0.236026,0.231162,0.085199,0.236858,0.082909,0.043653,0.008662,0.002265,0.000871,0.001331,0.004254,0.001234,7
failure_classifier_repair,peg_insert_with_lag,nominal,0.603175,0.492586,0.210304,0.209573,0.077393,0.225542,0.074503,0.047840,0.009829,0.004724,0.005129,0.001875,0.001414,0.001285,7
failure_classifier_repair,peg_insert_with_lag,occlusion_persistence,0.587302,0.448450,0.241559,0.239483,0.087499,0.240234,0.087640,0.023548,0.007810,0.006323,0.001863,0.001704,0.002368,0.001819,7
failure_classifier_repair,peg_insert_with_lag,payload_shift,0.539683,0.432456,0.256692,0.248807,0.093524,0.247737,0.090918,0.047310,0.003297,0.004799,0.001949,0.001414,0.002106,0.002531,7
observed_only_planner,cluttered_navigation_grasp,actuator_lag,0.303571,0.181021,0.402520,0.377385,0.140222,0.073994,0.156741,0.056489,0.011892,0.003221,0.003900,0.001995,0.002959,0.001964,7
observed_only_planner,cluttered_navigation_grasp,combined_hidden_mechanisms,0.206349,0.153712,0.445032,0.427619,0.156189,0.076948,0.178709,0.058935,0.007432,0.003278,0.004086,0.002107,0.002001,0.001656,7
observed_only_planner,cluttered_navigation_grasp,compliance_shift,0.349206,0.183361,0.390968,0.368461,0.136752,0.068064,0.153548,0.035358,0.007948,0.004072,0.003130,0.001424,0.001515,0.001928,7
observed_only_planner,cluttered_navigation_grasp,contact_mode_flip,0.295635,0.175858,0.404152,0.385100,0.142843,0.068873,0.159151,0.035501,0.005449,0.003278,0.003697,0.002697,0.001828,0.002731,7
observed_only_planner,cluttered_navigation_grasp,friction_shift,0.337302,0.193810,0.384553,0.365037,0.131060,0.069591,0.146548,0.030123,0.005218,0.003495,0.003270,0.001982,0.002246,0.002094,7
observed_only_planner,cluttered_navigation_grasp,nominal,0.472222,0.208689,0.346042,0.325885,0.116208,0.064285,0.127602,0.041583,0.010619,0.001690,0.006165,0.002541,0.003651,0.001910,7
observed_only_planner,cluttered_navigation_grasp,occlusion_persistence,0.319444,0.190162,0.395623,0.378050,0.137029,0.070010,0.154820,0.031990,0.007870,0.003097,0.005525,0.002293,0.002302,0.002414,7
observed_only_planner,cluttered_navigation_grasp,payload_shift,0.289683,0.175827,0.407429,0.390482,0.142148,0.072682,0.160129,0.038235,0.007772,0.003198,0.002441,0.002327,0.002881,0.001610,7
observed_only_planner,deformable_bin_pick,actuator_lag,0.325397,0.188137,0.401430,0.382828,0.137800,0.068242,0.155980,0.041095,0.005818,0.005469,0.005947,0.001218,0.001982,0.002364,7
observed_only_planner,deformable_bin_pick,combined_hidden_mechanisms,0.226190,0.146073,0.445414,0.429492,0.158207,0.075211,0.180676,0.037904,0.003357,0.004703,0.002317,0.001917,0.002460,0.002246,7
observed_only_planner,deformable_bin_pick,compliance_shift,0.321429,0.193165,0.391644,0.369554,0.137210,0.068505,0.152423,0.037771,0.004216,0.002435,0.001650,0.002136,0.002404,0.001583,7
observed_only_planner,deformable_bin_pick,contact_mode_flip,0.327381,0.178533,0.408783,0.384085,0.144579,0.070563,0.160010,0.022897,0.008043,0.001890,0.004795,0.001970,0.002422,0.001258,7
observed_only_planner,deformable_bin_pick,friction_shift,0.349206,0.190510,0.385602,0.365068,0.131168,0.070961,0.149232,0.067582,0.006106,0.004058,0.006039,0.001221,0.005227,0.002224,7
observed_only_planner,deformable_bin_pick,nominal,0.398810,0.214388,0.344742,0.319437,0.116527,0.063053,0.128876,0.049242,0.008391,0.002915,0.003201,0.001335,0.003885,0.001684,7
observed_only_planner,deformable_bin_pick,occlusion_persistence,0.327381,0.180397,0.397641,0.373762,0.137008,0.069026,0.155604,0.021300,0.007784,0.002082,0.002908,0.002101,0.003140,0.003149,7
observed_only_planner,deformable_bin_pick,payload_shift,0.287698,0.178979,0.412169,0.394024,0.142946,0.072186,0.164290,0.034492,0.006185,0.004155,0.001885,0.001193,0.003443,0.002555,7
observed_only_planner,drawer_contact_repair,actuator_lag,0.351190,0.192537,0.393267,0.375808,0.137875,0.070354,0.157359,0.032381,0.007584,0.003083,0.001516,0.001255,0.002208,0.002157,7
observed_only_planner,drawer_contact_repair,combined_hidden_mechanisms,0.250000,0.156533,0.442537,0.420097,0.155484,0.078758,0.181550,0.035144,0.004052,0.004610,0.001748,0.002396,0.004063,0.001688,7
observed_only_planner,drawer_contact_repair,compliance_shift,0.341270,0.195544,0.386964,0.365101,0.131447,0.068559,0.152615,0.031353,0.010395,0.002541,0.002335,0.002161,0.004151,0.002561,7
observed_only_planner,drawer_contact_repair,contact_mode_flip,0.313492,0.182651,0.401031,0.378780,0.139568,0.073545,0.162553,0.057243,0.006197,0.003207,0.004404,0.001862,0.003063,0.003785,7
observed_only_planner,drawer_contact_repair,friction_shift,0.375000,0.193845,0.377096,0.358854,0.130100,0.071040,0.147411,0.020578,0.009664,0.002590,0.004255,0.002969,0.003226,0.002851,7
observed_only_planner,drawer_contact_repair,nominal,0.478175,0.228823,0.337966,0.315926,0.112237,0.061139,0.128807,0.046721,0.005509,0.003834,0.005817,0.003448,0.003402,0.000937,7
observed_only_planner,drawer_contact_repair,occlusion_persistence,0.301587,0.193118,0.390678,0.370364,0.136282,0.069266,0.154202,0.039276,0.008913,0.004368,0.004762,0.002255,0.002517,0.002108,7
observed_only_planner,drawer_contact_repair,payload_shift,0.341270,0.189328,0.405842,0.389252,0.140456,0.072533,0.162622,0.037971,0.008675,0.003055,0.002753,0.001736,0.004084,0.001923,7
observed_only_planner,occluded_push_recovery,actuator_lag,0.315476,0.183410,0.398308,0.375940,0.137526,0.072357,0.158836,0.018515,0.006389,0.005305,0.003283,0.002523,0.003302,0.000996,7
observed_only_planner,occluded_push_recovery,combined_hidden_mechanisms,0.230159,0.153825,0.442813,0.424814,0.157696,0.077774,0.180716,0.030785,0.007234,0.003732,0.002872,0.002298,0.004139,0.001930,7
observed_only_planner,occluded_push_recovery,compliance_shift,0.353175,0.189396,0.391654,0.372696,0.134342,0.069566,0.152635,0.046721,0.007669,0.003607,0.002659,0.003090,0.003089,0.002974,7
observed_only_planner,occluded_push_recovery,contact_mode_flip,0.317460,0.181384,0.405751,0.382512,0.141392,0.068985,0.161465,0.045017,0.006234,0.005866,0.003294,0.001178,0.001481,0.001862,7
observed_only_planner,occluded_push_recovery,friction_shift,0.347222,0.191695,0.379663,0.358905,0.132850,0.069775,0.148100,0.056668,0.006870,0.004459,0.003101,0.001876,0.004250,0.001446,7
observed_only_planner,occluded_push_recovery,nominal,0.442460,0.211375,0.346252,0.319171,0.117901,0.063932,0.130325,0.039595,0.008718,0.002800,0.003288,0.002685,0.003172,0.001171,7
observed_only_planner,occluded_push_recovery,occlusion_persistence,0.367063,0.190993,0.391582,0.369821,0.136035,0.068858,0.154874,0.043595,0.005626,0.003089,0.003239,0.002776,0.002725,0.002769,7
observed_only_planner,occluded_push_recovery,payload_shift,0.271825,0.176115,0.409473,0.389473,0.142979,0.071736,0.162267,0.039786,0.007686,0.004447,0.003603,0.002268,0.001891,0.002285,7
observed_only_planner,payload_handover,actuator_lag,0.355159,0.189946,0.397415,0.376309,0.137084,0.070108,0.156526,0.028400,0.006582,0.003763,0.004113,0.001822,0.002704,0.002419,7
observed_only_planner,payload_handover,combined_hidden_mechanisms,0.222222,0.160841,0.442357,0.422814,0.155790,0.076571,0.180424,0.027863,0.009307,0.003060,0.002844,0.002243,0.002536,0.001831,7
observed_only_planner,payload_handover,compliance_shift,0.357143,0.190257,0.386250,0.370209,0.132583,0.069757,0.152472,0.049242,0.006403,0.005717,0.003722,0.001474,0.002373,0.001697,7
observed_only_planner,payload_handover,contact_mode_flip,0.309524,0.184917,0.405882,0.378412,0.140397,0.071879,0.159741,0.026376,0.007339,0.005075,0.003941,0.002398,0.003780,0.001957,7
observed_only_planner,payload_handover,friction_shift,0.376984,0.200269,0.376094,0.361282,0.131818,0.069057,0.148560,0.032225,0.006645,0.002076,0.003840,0.001793,0.002643,0.000874,7
observed_only_planner,payload_handover,nominal,0.472222,0.222523,0.345692,0.319511,0.114305,0.064822,0.128410,0.034125,0.004972,0.005890,0.002409,0.002258,0.003268,0.001842,7
observed_only_planner,payload_handover,occlusion_persistence,0.359127,0.184917,0.392427,0.372434,0.136868,0.068914,0.155275,0.040039,0.005929,0.002247,0.004093,0.002255,0.002633,0.004191,7
observed_only_planner,payload_handover,payload_shift,0.291667,0.180809,0.408910,0.385679,0.140755,0.071761,0.162856,0.050054,0.004278,0.003675,0.007321,0.001643,0.003094,0.003316,7
observed_only_planner,peg_insert_with_lag,actuator_lag,0.299603,0.179126,0.402455,0.378496,0.140254,0.070616,0.155884,0.051396,0.009523,0.005012,0.002738,0.002323,0.002730,0.001329,7
observed_only_planner,peg_insert_with_lag,combined_hidden_mechanisms,0.194444,0.152783,0.447672,0.431051,0.157138,0.075595,0.180863,0.022227,0.006483,0.005022,0.003029,0.001656,0.001249,0.002644,7
observed_only_planner,peg_insert_with_lag,compliance_shift,0.317460,0.179359,0.394094,0.373093,0.138490,0.068830,0.150925,0.029360,0.005363,0.003786,0.004389,0.001567,0.002113,0.001429,7
observed_only_planner,peg_insert_with_lag,contact_mode_flip,0.285714,0.169868,0.407295,0.389127,0.141991,0.071147,0.160904,0.043998,0.007787,0.004342,0.002985,0.002338,0.004038,0.002767,7
observed_only_planner,peg_insert_with_lag,friction_shift,0.353175,0.189969,0.383681,0.363778,0.132308,0.066522,0.146540,0.047097,0.004133,0.001896,0.002964,0.002431,0.001624,0.001662,7
observed_only_planner,peg_insert_with_lag,nominal,0.454365,0.210101,0.348429,0.324625,0.120741,0.060969,0.126962,0.041885,0.008538,0.004873,0.004816,0.002716,0.003172,0.002342,7
observed_only_planner,peg_insert_with_lag,occlusion_persistence,0.297619,0.184566,0.395291,0.375310,0.136606,0.068900,0.153863,0.048934,0.007051,0.002760,0.002278,0.003507,0.003737,0.001955,7
observed_only_planner,peg_insert_with_lag,payload_shift,0.253968,0.172622,0.414301,0.393951,0.147414,0.073165,0.162142,0.041461,0.007939,0.003774,0.003398,0.003021,0.002602,0.002937,7
oracle_mechanism_audit,cluttered_navigation_grasp,actuator_lag,0.819444,0.837322,0.078917,0.065832,0.040027,0.204887,0.042154,0.034638,0.005394,0.003209,0.003481,0.001691,0.002936,0.002488,7
oracle_mechanism_audit,cluttered_navigation_grasp,combined_hidden_mechanisms,0.805556,0.826105,0.084398,0.078187,0.041626,0.212056,0.046583,0.027222,0.007534,0.003002,0.004289,0.002137,0.002945,0.001757,7
oracle_mechanism_audit,cluttered_navigation_grasp,compliance_shift,0.825397,0.835714,0.069603,0.068643,0.039256,0.202435,0.043188,0.036550,0.008083,0.004174,0.004871,0.002111,0.004367,0.002196,7
oracle_mechanism_audit,cluttered_navigation_grasp,contact_mode_flip,0.821429,0.830972,0.074985,0.073358,0.038705,0.204556,0.040027,0.019183,0.005576,0.005332,0.004526,0.003027,0.004327,0.001429,7
oracle_mechanism_audit,cluttered_navigation_grasp,friction_shift,0.843254,0.837902,0.071948,0.062844,0.036070,0.203597,0.039684,0.037436,0.006501,0.002387,0.001700,0.000842,0.002084,0.002159,7
oracle_mechanism_audit,cluttered_navigation_grasp,nominal,0.851190,0.850006,0.069048,0.058562,0.033580,0.194801,0.037041,0.038367,0.006578,0.003726,0.004179,0.003230,0.003361,0.002776,7
oracle_mechanism_audit,cluttered_navigation_grasp,occlusion_persistence,0.843254,0.839469,0.072996,0.068383,0.037770,0.202084,0.040655,0.037436,0.002902,0.003839,0.003742,0.001753,0.003036,0.002865,7
oracle_mechanism_audit,cluttered_navigation_grasp,payload_shift,0.807540,0.832484,0.076617,0.072239,0.037428,0.205715,0.043408,0.045407,0.008455,0.004257,0.003824,0.002763,0.004244,0.001601,7
oracle_mechanism_audit,deformable_bin_pick,actuator_lag,0.815476,0.827825,0.074455,0.070469,0.039617,0.203410,0.040962,0.018515,0.007550,0.002782,0.002054,0.002280,0.002347,0.001923,7
oracle_mechanism_audit,deformable_bin_pick,combined_hidden_mechanisms,0.771825,0.814204,0.083355,0.076259,0.042950,0.212515,0.046239,0.047470,0.005609,0.004852,0.002227,0.002802,0.003751,0.001804,7
oracle_mechanism_audit,deformable_bin_pick,compliance_shift,0.817460,0.834105,0.074123,0.072908,0.038773,0.205433,0.039940,0.035358,0.008171,0.004075,0.003616,0.001262,0.002971,0.000623,7
oracle_mechanism_audit,deformable_bin_pick,contact_mode_flip,0.789683,0.832514,0.074083,0.071454,0.041094,0.206488,0.042144,0.036825,0.005896,0.004596,0.003221,0.002346,0.002961,0.003083,7
oracle_mechanism_audit,deformable_bin_pick,friction_shift,0.843254,0.837381,0.070314,0.067097,0.038051,0.201536,0.039514,0.023548,0.005574,0.003462,0.001839,0.001883,0.003873,0.001266,7
oracle_mechanism_audit,deformable_bin_pick,nominal,0.853175,0.849495,0.064059,0.062669,0.033882,0.193970,0.036708,0.039340,0.004771,0.004279,0.004612,0.002704,0.002882,0.002455,7
oracle_mechanism_audit,deformable_bin_pick,occlusion_persistence,0.819444,0.835848,0.076244,0.070605,0.039665,0.203477,0.041672,0.029102,0.005232,0.002110,0.003598,0.001475,0.003777,0.002562,7
oracle_mechanism_audit,deformable_bin_pick,payload_shift,0.807540,0.830266,0.075330,0.070258,0.040667,0.206352,0.043213,0.017246,0.005351,0.002640,0.002970,0.001412,0.001571,0.001939,7
oracle_mechanism_audit,drawer_contact_repair,actuator_lag,0.875000,0.837737,0.068725,0.068170,0.038852,0.205315,0.041047,0.024493,0.009284,0.003108,0.002765,0.002910,0.003071,0.001639,7
oracle_mechanism_audit,drawer_contact_repair,combined_hidden_mechanisms,0.843254,0.829256,0.077913,0.077572,0.041887,0.212237,0.045448,0.033977,0.008896,0.005157,0.005878,0.001876,0.002854,0.002228,7
oracle_mechanism_audit,drawer_contact_repair,compliance_shift,0.857143,0.841638,0.067402,0.061877,0.035874,0.205184,0.039335,0.031273,0.002610,0.003981,0.003322,0.002940,0.003836,0.001728,7
oracle_mechanism_audit,drawer_contact_repair,contact_mode_flip,0.797619,0.837654,0.070157,0.067673,0.036015,0.208325,0.043123,0.019574,0.004323,0.004348,0.003593,0.001269,0.002909,0.001767,7
oracle_mechanism_audit,drawer_contact_repair,friction_shift,0.863095,0.843662,0.064896,0.062882,0.035845,0.202505,0.038924,0.036343,0.009266,0.003385,0.004150,0.002295,0.001749,0.002353,7
oracle_mechanism_audit,drawer_contact_repair,nominal,0.871032,0.854796,0.056349,0.056015,0.033675,0.196087,0.035408,0.029532,0.007168,0.003292,0.005839,0.001137,0.002915,0.002587,7
oracle_mechanism_audit,drawer_contact_repair,occlusion_persistence,0.825397,0.839309,0.067585,0.062492,0.034503,0.203257,0.042149,0.032459,0.009210,0.003540,0.003113,0.001842,0.002326,0.001600,7
oracle_mechanism_audit,drawer_contact_repair,payload_shift,0.797619,0.842306,0.072885,0.068206,0.036841,0.204863,0.041360,0.022113,0.008194,0.003143,0.003848,0.001787,0.003616,0.001573,7
oracle_mechanism_audit,occluded_push_recovery,actuator_lag,0.803571,0.832335,0.072317,0.071948,0.037975,0.202537,0.042915,0.032225,0.004638,0.003089,0.003539,0.002564,0.003013,0.003688,7
oracle_mechanism_audit,occluded_push_recovery,combined_hidden_mechanisms,0.807540,0.821520,0.078983,0.077440,0.043505,0.212345,0.046871,0.054583,0.006410,0.004264,0.003366,0.002694,0.003744,0.001742,7
oracle_mechanism_audit,occluded_push_recovery,compliance_shift,0.855159,0.831030,0.069398,0.065067,0.036242,0.202311,0.040069,0.037971,0.008959,0.003496,0.003941,0.002817,0.002186,0.002643,7
oracle_mechanism_audit,occluded_push_recovery,contact_mode_flip,0.795635,0.834067,0.076373,0.069954,0.037783,0.204593,0.042738,0.037904,0.006832,0.004867,0.002700,0.002812,0.003085,0.002844,7
oracle_mechanism_audit,occluded_push_recovery,friction_shift,0.831349,0.833586,0.067504,0.064423,0.036432,0.200311,0.040432,0.029360,0.010290,0.001575,0.002758,0.002477,0.003459,0.001661,7
oracle_mechanism_audit,occluded_push_recovery,nominal,0.853175,0.845671,0.064666,0.059402,0.033156,0.195437,0.033262,0.037030,0.009890,0.003865,0.003603,0.001214,0.002164,0.003280,7
oracle_mechanism_audit,occluded_push_recovery,occlusion_persistence,0.847222,0.836403,0.070899,0.070285,0.037133,0.204216,0.042019,0.042005,0.007905,0.001781,0.005116,0.003246,0.003416,0.001853,7
oracle_mechanism_audit,occluded_push_recovery,payload_shift,0.785714,0.827594,0.071121,0.067714,0.039340,0.205738,0.044074,0.044397,0.004375,0.004255,0.002746,0.002682,0.004303,0.001743,7
oracle_mechanism_audit,payload_handover,actuator_lag,0.819444,0.841703,0.067296,0.067479,0.036847,0.205756,0.040813,0.024493,0.009724,0.004600,0.003317,0.002997,0.004496,0.001922,7
oracle_mechanism_audit,payload_handover,combined_hidden_mechanisms,0.807540,0.821647,0.079362,0.075660,0.042421,0.212655,0.046589,0.026849,0.011529,0.003388,0.002154,0.003169,0.002836,0.003161,7
oracle_mechanism_audit,payload_handover,compliance_shift,0.855159,0.846650,0.068287,0.063237,0.035319,0.202050,0.040006,0.024390,0.007029,0.004940,0.004082,0.001160,0.003169,0.002313,7
oracle_mechanism_audit,payload_handover,contact_mode_flip,0.857143,0.832361,0.071955,0.067180,0.037876,0.205861,0.041997,0.031273,0.006218,0.003129,0.002514,0.003067,0.001491,0.001724,7
oracle_mechanism_audit,payload_handover,friction_shift,0.843254,0.848325,0.067681,0.064449,0.036680,0.200980,0.039574,0.027681,0.007546,0.002876,0.003201,0.002438,0.002395,0.001847,7
oracle_mechanism_audit,payload_handover,nominal,0.876984,0.851653,0.059384,0.056041,0.032439,0.193527,0.036600,0.027499,0.008300,0.002902,0.001786,0.002130,0.001920,0.001915,7
oracle_mechanism_audit,payload_handover,occlusion_persistence,0.809524,0.840434,0.071268,0.066425,0.038251,0.204301,0.042481,0.018515,0.008124,0.003974,0.004337,0.001175,0.002907,0.002346,7
oracle_mechanism_audit,payload_handover,payload_shift,0.817460,0.836903,0.074406,0.067968,0.038417,0.208948,0.043924,0.034856,0.008696,0.004069,0.004876,0.001952,0.004050,0.001790,7
oracle_mechanism_audit,peg_insert_with_lag,actuator_lag,0.809524,0.831330,0.078767,0.071579,0.040256,0.204018,0.042154,0.034492,0.008937,0.003971,0.002133,0.001352,0.002422,0.003050,7
oracle_mechanism_audit,peg_insert_with_lag,combined_hidden_mechanisms,0.785714,0.813552,0.083948,0.079045,0.043166,0.214405,0.045944,0.044793,0.002627,0.003891,0.001903,0.001669,0.002493,0.002460,7
oracle_mechanism_audit,peg_insert_with_lag,compliance_shift,0.789683,0.840185,0.078458,0.071651,0.038965,0.205617,0.039509,0.017246,0.010686,0.003164,0.001613,0.001915,0.002188,0.001577,7
oracle_mechanism_audit,peg_insert_with_lag,contact_mode_flip,0.801587,0.834962,0.078425,0.075351,0.039491,0.203232,0.041662,0.030123,0.004870,0.005786,0.002544,0.001771,0.003209,0.001013,7
oracle_mechanism_audit,peg_insert_with_lag,friction_shift,0.811508,0.836069,0.070249,0.070140,0.037997,0.202247,0.040988,0.015556,0.006224,0.002871,0.002398,0.001744,0.003131,0.002550,7
oracle_mechanism_audit,peg_insert_with_lag,nominal,0.859127,0.848903,0.062688,0.063896,0.035815,0.197242,0.032645,0.028753,0.006792,0.003562,0.002742,0.002222,0.004667,0.002806,7
oracle_mechanism_audit,peg_insert_with_lag,occlusion_persistence,0.833333,0.835284,0.071845,0.073319,0.038420,0.205411,0.040738,0.023007,0.003130,0.002960,0.004914,0.002836,0.001781,0.003334,7
oracle_mechanism_audit,peg_insert_with_lag,payload_shift,0.779762,0.828611,0.079748,0.073664,0.041722,0.205750,0.044908,0.028753,0.009163,0.003567,0.002424,0.003795,0.003790,0.001422,7
proposed_failed_rollout_audit,cluttered_navigation_grasp,actuator_lag,0.730159,0.702113,0.139248,0.123623,0.062196,0.244713,0.060881,0.019574,0.007845,0.004911,0.003168,0.002301,0.002557,0.001242,7
proposed_failed_rollout_audit,cluttered_navigation_grasp,combined_hidden_mechanisms,0.672619,0.671860,0.155311,0.142003,0.069642,0.254696,0.069442,0.032998,0.012728,0.001819,0.004604,0.002291,0.001431,0.001820,7
proposed_failed_rollout_audit,cluttered_navigation_grasp,compliance_shift,0.676587,0.704825,0.135510,0.122019,0.062515,0.238757,0.060492,0.034492,0.006884,0.003669,0.002469,0.002783,0.001917,0.001283,7
proposed_failed_rollout_audit,cluttered_navigation_grasp,contact_mode_flip,0.734127,0.701695,0.137743,0.129438,0.063082,0.245544,0.063709,0.046559,0.004900,0.003282,0.003771,0.001430,0.001980,0.002652,7
proposed_failed_rollout_audit,cluttered_navigation_grasp,friction_shift,0.744048,0.710005,0.133864,0.119805,0.059368,0.238397,0.059682,0.045185,0.006749,0.005523,0.002885,0.002234,0.001643,0.002748,7
proposed_failed_rollout_audit,cluttered_navigation_grasp,nominal,0.779762,0.731352,0.120017,0.109635,0.054044,0.230350,0.051887,0.044226,0.006061,0.004710,0.002767,0.001674,0.001595,0.001975,7
proposed_failed_rollout_audit,cluttered_navigation_grasp,occlusion_persistence,0.650794,0.704336,0.135897,0.125874,0.063377,0.239916,0.060953,0.046559,0.006186,0.003712,0.003746,0.001214,0.002235,0.001553,7
proposed_failed_rollout_audit,cluttered_navigation_grasp,payload_shift,0.698413,0.692630,0.137764,0.131779,0.063284,0.244713,0.063115,0.030703,0.009481,0.003906,0.004008,0.001757,0.002626,0.001309,7
proposed_failed_rollout_audit,deformable_bin_pick,actuator_lag,0.692460,0.700376,0.137102,0.124574,0.063692,0.240937,0.060741,0.032225,0.003864,0.005360,0.002933,0.002389,0.001849,0.000960,7
proposed_failed_rollout_audit,deformable_bin_pick,combined_hidden_mechanisms,0.676587,0.673643,0.154957,0.143308,0.070999,0.250271,0.068755,0.043940,0.007712,0.003251,0.003693,0.002968,0.003619,0.003119,7
proposed_failed_rollout_audit,deformable_bin_pick,compliance_shift,0.726190,0.712987,0.134973,0.125205,0.060489,0.239031,0.057941,0.022787,0.007207,0.003159,0.003564,0.001956,0.002667,0.002009,7
proposed_failed_rollout_audit,deformable_bin_pick,contact_mode_flip,0.688492,0.693355,0.144412,0.130960,0.063706,0.243573,0.061941,0.056311,0.004954,0.004431,0.004343,0.001175,0.003047,0.002044,7
proposed_failed_rollout_audit,deformable_bin_pick,friction_shift,0.734127,0.702659,0.132754,0.121125,0.059614,0.236212,0.058325,0.037301,0.007656,0.003735,0.001800,0.003493,0.003472,0.001008,7
proposed_failed_rollout_audit,deformable_bin_pick,nominal,0.755952,0.729698,0.117375,0.109196,0.054481,0.228983,0.050341,0.064490,0.006197,0.002787,0.002509,0.001331,0.003304,0.003136,7
proposed_failed_rollout_audit,deformable_bin_pick,occlusion_persistence,0.710317,0.702468,0.135741,0.124981,0.061300,0.241319,0.061690,0.021769,0.008299,0.003503,0.002642,0.002172,0.004241,0.002633,7
proposed_failed_rollout_audit,deformable_bin_pick,payload_shift,0.674603,0.700232,0.139674,0.127423,0.066163,0.245625,0.065479,0.038433,0.007152,0.003605,0.003731,0.002166,0.003212,0.002162,7
proposed_failed_rollout_audit,drawer_contact_repair,actuator_lag,0.746032,0.715667,0.131767,0.119922,0.061771,0.244263,0.060865,0.041885,0.007850,0.004508,0.003729,0.001970,0.003208,0.002472,7
proposed_failed_rollout_audit,drawer_contact_repair,combined_hidden_mechanisms,0.670635,0.690053,0.150132,0.136513,0.066594,0.253654,0.069131,0.037904,0.011305,0.004522,0.005561,0.001587,0.001867,0.003192,7
proposed_failed_rollout_audit,drawer_contact_repair,compliance_shift,0.748016,0.712250,0.130865,0.119886,0.060153,0.239148,0.060649,0.026184,0.005541,0.002441,0.003925,0.001308,0.002188,0.001834,7
proposed_failed_rollout_audit,drawer_contact_repair,contact_mode_flip,0.732143,0.703799,0.135542,0.122401,0.063428,0.241794,0.063250,0.045904,0.007928,0.002408,0.002569,0.001973,0.002704,0.002847,7
proposed_failed_rollout_audit,drawer_contact_repair,friction_shift,0.781746,0.710353,0.124864,0.111233,0.058693,0.239340,0.059788,0.037904,0.011971,0.002959,0.002762,0.002030,0.002148,0.002495,7
proposed_failed_rollout_audit,drawer_contact_repair,nominal,0.805556,0.733446,0.110646,0.101621,0.050308,0.229556,0.051972,0.024493,0.008897,0.002872,0.003108,0.001562,0.002092,0.002720,7
proposed_failed_rollout_audit,drawer_contact_repair,occlusion_persistence,0.730159,0.706587,0.131897,0.121202,0.061728,0.239428,0.059938,0.037030,0.004751,0.004574,0.002364,0.001667,0.002535,0.002118,7
proposed_failed_rollout_audit,drawer_contact_repair,payload_shift,0.710317,0.704625,0.136142,0.124255,0.062028,0.244197,0.061542,0.057111,0.007455,0.002071,0.003146,0.000984,0.002044,0.001528,7
proposed_failed_rollout_audit,occluded_push_recovery,actuator_lag,0.734127,0.705852,0.137840,0.125586,0.064043,0.242513,0.061731,0.031673,0.004340,0.003763,0.003406,0.001304,0.002501,0.001941,7
proposed_failed_rollout_audit,occluded_push_recovery,combined_hidden_mechanisms,0.648810,0.682214,0.153523,0.145773,0.069967,0.255745,0.070848,0.019444,0.006152,0.004362,0.003444,0.001275,0.002921,0.002291,7
proposed_failed_rollout_audit,occluded_push_recovery,compliance_shift,0.710317,0.715391,0.134622,0.120284,0.060362,0.241216,0.060943,0.035358,0.010573,0.003929,0.003459,0.001755,0.002335,0.001667,7
proposed_failed_rollout_audit,occluded_push_recovery,contact_mode_flip,0.708333,0.699487,0.139659,0.126150,0.063270,0.244921,0.062923,0.023762,0.006761,0.002471,0.003743,0.002528,0.001650,0.003255,7
proposed_failed_rollout_audit,occluded_push_recovery,friction_shift,0.748016,0.713740,0.128208,0.118297,0.058031,0.239435,0.056995,0.049853,0.005506,0.004005,0.005047,0.002151,0.002501,0.001708,7
proposed_failed_rollout_audit,occluded_push_recovery,nominal,0.763889,0.733787,0.118808,0.108702,0.051565,0.228775,0.052352,0.048986,0.007785,0.004043,0.001747,0.001762,0.001477,0.002089,7
proposed_failed_rollout_audit,occluded_push_recovery,occlusion_persistence,0.740079,0.705311,0.134504,0.122438,0.060307,0.241845,0.058909,0.025002,0.006729,0.003516,0.004764,0.001045,0.002585,0.003212,7
proposed_failed_rollout_audit,occluded_push_recovery,payload_shift,0.706349,0.696055,0.142152,0.127925,0.063230,0.244571,0.063031,0.058030,0.007459,0.002582,0.002924,0.002392,0.003284,0.001630,7
proposed_failed_rollout_audit,payload_handover,actuator_lag,0.750000,0.709967,0.134689,0.124275,0.061928,0.241086,0.061573,0.051445,0.005702,0.004064,0.003209,0.001928,0.003780,0.002253,7
proposed_failed_rollout_audit,payload_handover,combined_hidden_mechanisms,0.662698,0.685250,0.153232,0.138280,0.068096,0.254786,0.068450,0.031832,0.012219,0.002109,0.005947,0.002206,0.003285,0.002044,7
proposed_failed_rollout_audit,payload_handover,compliance_shift,0.726190,0.708060,0.130440,0.123838,0.061661,0.238525,0.062330,0.029532,0.010012,0.003105,0.005913,0.002226,0.002467,0.002822,7
proposed_failed_rollout_audit,payload_handover,contact_mode_flip,0.718254,0.700819,0.138653,0.129713,0.061864,0.244836,0.062596,0.065267,0.003801,0.004592,0.004094,0.002815,0.002898,0.002955,7
proposed_failed_rollout_audit,payload_handover,friction_shift,0.759921,0.708509,0.130799,0.116672,0.058955,0.236441,0.061377,0.048155,0.010797,0.002216,0.003584,0.002640,0.002155,0.002013,7
proposed_failed_rollout_audit,payload_handover,nominal,0.753968,0.730359,0.117182,0.107718,0.050960,0.227141,0.052058,0.044736,0.008576,0.002538,0.002845,0.001662,0.001750,0.003144,7
proposed_failed_rollout_audit,payload_handover,occlusion_persistence,0.712302,0.708679,0.133716,0.124580,0.059865,0.242974,0.060140,0.034492,0.007783,0.005570,0.001593,0.002394,0.002638,0.003615,7
proposed_failed_rollout_audit,payload_handover,payload_shift,0.710317,0.691998,0.138945,0.130321,0.064690,0.242113,0.064978,0.029955,0.009316,0.001789,0.005257,0.002214,0.002026,0.001432,7
proposed_failed_rollout_audit,peg_insert_with_lag,actuator_lag,0.696429,0.707182,0.140421,0.130956,0.062211,0.242526,0.062464,0.035854,0.003428,0.005425,0.003193,0.002430,0.002871,0.001524,7
proposed_failed_rollout_audit,peg_insert_with_lag,combined_hidden_mechanisms,0.672619,0.673226,0.154474,0.145856,0.071363,0.253563,0.070444,0.034051,0.007997,0.006920,0.004322,0.000944,0.002344,0.002619,7
proposed_failed_rollout_audit,peg_insert_with_lag,compliance_shift,0.702381,0.701667,0.138350,0.126446,0.062210,0.242137,0.058469,0.040663,0.008571,0.002594,0.003817,0.001493,0.002816,0.002055,7
proposed_failed_rollout_audit,peg_insert_with_lag,contact_mode_flip,0.702381,0.689258,0.143504,0.132594,0.064190,0.244577,0.062179,0.037030,0.007342,0.003196,0.004922,0.002834,0.003251,0.002323,7
proposed_failed_rollout_audit,peg_insert_with_lag,friction_shift,0.720238,0.708703,0.132228,0.122891,0.060352,0.240666,0.059000,0.024078,0.006817,0.004835,0.002416,0.001442,0.002049,0.001352,7
proposed_failed_rollout_audit,peg_insert_with_lag,nominal,0.751984,0.726727,0.117322,0.106889,0.053813,0.228040,0.051489,0.027499,0.006493,0.003096,0.003450,0.002715,0.003246,0.001168,7
proposed_failed_rollout_audit,peg_insert_with_lag,occlusion_persistence,0.676587,0.696242,0.135601,0.127952,0.062210,0.241694,0.059859,0.042719,0.008479,0.005336,0.005289,0.001253,0.003794,0.003034,7
proposed_failed_rollout_audit,peg_insert_with_lag,payload_shift,0.678571,0.692026,0.142486,0.132466,0.064387,0.246194,0.063845,0.045017,0.004709,0.005574,0.005610,0.002193,0.003250,0.001861,7
scalar_uncertainty_planner,cluttered_navigation_grasp,actuator_lag,0.484127,0.337856,0.292120,0.280102,0.103673,0.150931,0.111072,0.024800,0.006080,0.004089,0.001824,0.000816,0.003406,0.001743,7
scalar_uncertainty_planner,cluttered_navigation_grasp,combined_hidden_mechanisms,0.408730,0.296926,0.328731,0.318360,0.118362,0.161752,0.129468,0.045185,0.003818,0.003167,0.002077,0.001315,0.002826,0.002758,7
scalar_uncertainty_planner,cluttered_navigation_grasp,compliance_shift,0.486111,0.344336,0.288266,0.279060,0.102717,0.147485,0.109379,0.035642,0.010767,0.004058,0.006006,0.002100,0.003607,0.001789,7
scalar_uncertainty_planner,cluttered_navigation_grasp,contact_mode_flip,0.486111,0.334405,0.297771,0.289151,0.109529,0.153452,0.115770,0.040725,0.014507,0.003556,0.003179,0.002624,0.002619,0.001862,7
scalar_uncertainty_planner,cluttered_navigation_grasp,friction_shift,0.519841,0.352850,0.283355,0.273539,0.101518,0.148716,0.106592,0.029617,0.003030,0.003285,0.002608,0.002606,0.002907,0.002389,7
scalar_uncertainty_planner,cluttered_navigation_grasp,nominal,0.557540,0.375599,0.250997,0.244357,0.088026,0.138189,0.092121,0.028753,0.006469,0.001490,0.003630,0.000794,0.003912,0.002801,7
scalar_uncertainty_planner,cluttered_navigation_grasp,occlusion_persistence,0.466270,0.334344,0.291373,0.279411,0.103096,0.150291,0.111769,0.050004,0.004016,0.003420,0.003155,0.001320,0.003396,0.002032,7
scalar_uncertainty_planner,cluttered_navigation_grasp,payload_shift,0.468254,0.330985,0.301866,0.290714,0.107657,0.151546,0.116422,0.053037,0.008573,0.003137,0.001875,0.002965,0.003195,0.001435,7
scalar_uncertainty_planner,deformable_bin_pick,actuator_lag,0.494048,0.333268,0.295054,0.287602,0.105719,0.149909,0.112666,0.078552,0.005757,0.003863,0.003578,0.001963,0.001691,0.001818,7
scalar_uncertainty_planner,deformable_bin_pick,combined_hidden_mechanisms,0.390873,0.307394,0.328792,0.317456,0.118210,0.159875,0.131072,0.038694,0.002578,0.004295,0.002020,0.001926,0.003155,0.001940,7
scalar_uncertainty_planner,deformable_bin_pick,compliance_shift,0.486111,0.343024,0.287083,0.275837,0.102381,0.147741,0.106951,0.053132,0.005485,0.004502,0.005144,0.001767,0.003133,0.002904,7
scalar_uncertainty_planner,deformable_bin_pick,contact_mode_flip,0.482143,0.338009,0.295252,0.289773,0.108703,0.151566,0.113662,0.043130,0.002376,0.004340,0.003844,0.001942,0.002938,0.001765,7
scalar_uncertainty_planner,deformable_bin_pick,friction_shift,0.478175,0.350670,0.282677,0.273201,0.100033,0.147226,0.106910,0.047097,0.007487,0.003997,0.002639,0.002717,0.002367,0.001985,7
scalar_uncertainty_planner,deformable_bin_pick,nominal,0.569444,0.374678,0.253054,0.244771,0.089886,0.140042,0.091476,0.037570,0.007860,0.004171,0.002915,0.002349,0.004252,0.003087,7
scalar_uncertainty_planner,deformable_bin_pick,occlusion_persistence,0.486111,0.332715,0.293207,0.283060,0.102478,0.152342,0.110711,0.057287,0.009188,0.004781,0.004822,0.002846,0.002904,0.002227,7
scalar_uncertainty_planner,deformable_bin_pick,payload_shift,0.432540,0.330500,0.301735,0.295131,0.107686,0.153447,0.116964,0.025501,0.009957,0.004624,0.003258,0.001835,0.002106,0.001876,7
scalar_uncertainty_planner,drawer_contact_repair,actuator_lag,0.478175,0.340347,0.287482,0.280271,0.100360,0.151239,0.115272,0.027772,0.003762,0.004010,0.003272,0.003816,0.002308,0.002294,7
scalar_uncertainty_planner,drawer_contact_repair,combined_hidden_mechanisms,0.456349,0.307802,0.319748,0.313294,0.113802,0.159126,0.129762,0.043013,0.009775,0.006805,0.003484,0.001251,0.004614,0.001451,7
scalar_uncertainty_planner,drawer_contact_repair,compliance_shift,0.533730,0.351558,0.280354,0.273520,0.098210,0.148600,0.110009,0.032459,0.004832,0.002034,0.003169,0.002004,0.003601,0.003356,7
scalar_uncertainty_planner,drawer_contact_repair,contact_mode_flip,0.541667,0.336673,0.292525,0.282129,0.105906,0.150121,0.111995,0.075609,0.003730,0.004064,0.003875,0.001994,0.001415,0.002028,7
scalar_uncertainty_planner,drawer_contact_repair,friction_shift,0.537698,0.354481,0.275008,0.266889,0.098625,0.147502,0.105589,0.035000,0.006749,0.004048,0.001990,0.001456,0.002894,0.004025,7
scalar_uncertainty_planner,drawer_contact_repair,nominal,0.549603,0.388201,0.247501,0.238768,0.086885,0.138993,0.091413,0.037030,0.004575,0.003358,0.001281,0.002095,0.003401,0.001983,7
scalar_uncertainty_planner,drawer_contact_repair,occlusion_persistence,0.486111,0.347806,0.284409,0.277383,0.099868,0.147263,0.110448,0.053463,0.008814,0.002833,0.003311,0.003092,0.003094,0.002073,7
scalar_uncertainty_planner,drawer_contact_repair,payload_shift,0.478175,0.336018,0.292837,0.285141,0.103822,0.152639,0.115539,0.025796,0.008358,0.003263,0.004104,0.002064,0.003759,0.001676,7
scalar_uncertainty_planner,occluded_push_recovery,actuator_lag,0.498016,0.332319,0.291135,0.283295,0.102817,0.150346,0.112434,0.031673,0.006289,0.003714,0.004803,0.000946,0.003135,0.001742,7
scalar_uncertainty_planner,occluded_push_recovery,combined_hidden_mechanisms,0.420635,0.307445,0.326013,0.317262,0.116462,0.163266,0.127806,0.039276,0.005952,0.002569,0.001479,0.001564,0.001510,0.002477,7
scalar_uncertainty_planner,occluded_push_recovery,compliance_shift,0.511905,0.349855,0.283374,0.275256,0.102363,0.149703,0.108744,0.034346,0.007282,0.002497,0.005039,0.001607,0.001835,0.001263,7
scalar_uncertainty_planner,occluded_push_recovery,contact_mode_flip,0.482143,0.336296,0.296432,0.292835,0.106518,0.152683,0.114261,0.023548,0.007016,0.003249,0.002197,0.002582,0.001486,0.002508,7
scalar_uncertainty_planner,occluded_push_recovery,friction_shift,0.500000,0.352258,0.280110,0.271846,0.099726,0.147476,0.105340,0.054768,0.004994,0.004599,0.003337,0.001872,0.002058,0.001821,7
scalar_uncertainty_planner,occluded_push_recovery,nominal,0.549603,0.382236,0.254937,0.242832,0.087727,0.138866,0.092845,0.045574,0.011707,0.004591,0.003933,0.002460,0.004052,0.001889,7
scalar_uncertainty_planner,occluded_push_recovery,occlusion_persistence,0.486111,0.347880,0.287049,0.282164,0.100910,0.148969,0.111169,0.051101,0.006160,0.004980,0.003402,0.001155,0.001904,0.001483,7
scalar_uncertainty_planner,occluded_push_recovery,payload_shift,0.480159,0.332220,0.298491,0.293414,0.105768,0.152770,0.115977,0.045185,0.008367,0.003625,0.002586,0.002134,0.002010,0.001757,7
scalar_uncertainty_planner,payload_handover,actuator_lag,0.496032,0.345495,0.288111,0.281025,0.103280,0.149900,0.109231,0.027681,0.010426,0.004478,0.001872,0.001943,0.002968,0.001676,7
scalar_uncertainty_planner,payload_handover,combined_hidden_mechanisms,0.392857,0.309000,0.325658,0.315730,0.113793,0.162207,0.130463,0.047043,0.004735,0.002433,0.002745,0.001996,0.004521,0.002927,7
scalar_uncertainty_planner,payload_handover,compliance_shift,0.478175,0.346681,0.285180,0.276270,0.102161,0.148326,0.110827,0.040663,0.007310,0.001927,0.002157,0.001961,0.002088,0.002667,7
scalar_uncertainty_planner,payload_handover,contact_mode_flip,0.498016,0.337846,0.296267,0.286054,0.103454,0.155129,0.116033,0.049140,0.007831,0.002471,0.003836,0.001901,0.002286,0.001723,7
scalar_uncertainty_planner,payload_handover,friction_shift,0.533730,0.352182,0.274074,0.266198,0.098505,0.147515,0.107756,0.042778,0.005586,0.005669,0.003465,0.000959,0.001249,0.001566,7
scalar_uncertainty_planner,payload_handover,nominal,0.553571,0.385661,0.246493,0.240728,0.089118,0.138127,0.093030,0.036825,0.011576,0.003035,0.002817,0.002744,0.004223,0.002443,7
scalar_uncertainty_planner,payload_handover,occlusion_persistence,0.523810,0.344833,0.286725,0.277927,0.103099,0.149954,0.110440,0.032381,0.009039,0.003964,0.002676,0.002251,0.003971,0.002686,7
scalar_uncertainty_planner,payload_handover,payload_shift,0.490079,0.335980,0.298415,0.290456,0.107511,0.152633,0.117772,0.028928,0.008732,0.002441,0.003765,0.001932,0.002792,0.002473,7
scalar_uncertainty_planner,peg_insert_with_lag,actuator_lag,0.454365,0.331720,0.296848,0.287296,0.105945,0.150130,0.111592,0.034492,0.007487,0.002670,0.004817,0.002452,0.002121,0.001344,7
scalar_uncertainty_planner,peg_insert_with_lag,combined_hidden_mechanisms,0.424603,0.297070,0.333411,0.318846,0.118307,0.162157,0.128851,0.048572,0.008280,0.002588,0.001786,0.002291,0.003609,0.002091,7
scalar_uncertainty_planner,peg_insert_with_lag,compliance_shift,0.486111,0.340051,0.292984,0.283334,0.102942,0.147708,0.111643,0.047150,0.010959,0.004295,0.003478,0.001051,0.002058,0.003138,7
scalar_uncertainty_planner,peg_insert_with_lag,contact_mode_flip,0.426587,0.333354,0.300864,0.290272,0.106145,0.151594,0.114929,0.039723,0.006926,0.002679,0.004000,0.001825,0.002481,0.003426,7
scalar_uncertainty_planner,peg_insert_with_lag,friction_shift,0.472222,0.340654,0.282024,0.279488,0.101290,0.146130,0.106684,0.008401,0.009236,0.003743,0.002886,0.002529,0.002710,0.002287,7
scalar_uncertainty_planner,peg_insert_with_lag,nominal,0.571429,0.377026,0.257291,0.245045,0.089779,0.135964,0.093044,0.049140,0.005622,0.003271,0.004876,0.001986,0.003008,0.001536,7
scalar_uncertainty_planner,peg_insert_with_lag,occlusion_persistence,0.503968,0.339385,0.290958,0.283124,0.102973,0.150668,0.109304,0.055951,0.010708,0.003459,0.005355,0.002818,0.002191,0.001187,7
scalar_uncertainty_planner,peg_insert_with_lag,payload_shift,0.456349,0.331250,0.300455,0.294644,0.108266,0.152352,0.116443,0.042184,0.007819,0.003914,0.001775,0.002933,0.002495,0.001535,7
