method,split,seed,mean_success_rate,mean_mechanism_f1,mean_invalid_repair_rate,mean_repeat_failure_rate,mean_damage_rate,mean_diagnostic_probe_cost,mean_calibration_error,ci95_success_rate,ci95_mechanism_f1,ci95_invalid_repair_rate,ci95_repeat_failure_rate,ci95_damage_rate,ci95_diagnostic_probe_cost,ci95_calibration_error,groups
active_probe_planner,combined_stress,0,0.609086,0.528343,0.215543,0.209225,0.083316,0.317978,0.081154,0.022197,0.006568,0.004159,0.004663,0.001704,0.003082,0.001986,48
active_probe_planner,combined_stress,1,0.598090,0.529741,0.215613,0.207700,0.083029,0.318972,0.080549,0.020009,0.006993,0.004249,0.004330,0.001961,0.003098,0.001838,48
active_probe_planner,combined_stress,2,0.598669,0.529875,0.214714,0.209587,0.083758,0.319037,0.080250,0.016357,0.007370,0.004470,0.004127,0.002062,0.003065,0.001993,48
active_probe_planner,combined_stress,3,0.612269,0.529159,0.214883,0.208783,0.083072,0.318822,0.079568,0.013461,0.006786,0.004906,0.004758,0.001766,0.003184,0.001812,48
active_probe_planner,combined_stress,4,0.618924,0.529744,0.214540,0.207738,0.082848,0.319085,0.081678,0.019316,0.006814,0.004469,0.004369,0.001757,0.003308,0.002117,48
active_probe_planner,combined_stress,5,0.610243,0.530429,0.214597,0.207961,0.083430,0.319542,0.080634,0.019761,0.006571,0.004460,0.004663,0.001661,0.003215,0.001957,48
active_probe_planner,combined_stress,6,0.613137,0.528727,0.214667,0.206228,0.083940,0.319962,0.081822,0.015945,0.007040,0.004784,0.004195,0.001819,0.003187,0.001758,48
active_probe_planner,hidden_mechanism,0,0.655671,0.554593,0.196976,0.192043,0.077725,0.308076,0.073236,0.016630,0.006852,0.004525,0.004512,0.001836,0.003363,0.002063,48
active_probe_planner,hidden_mechanism,1,0.657118,0.550743,0.197600,0.192505,0.077553,0.308527,0.072445,0.016153,0.006876,0.004728,0.004271,0.001753,0.003343,0.002082,48
active_probe_planner,hidden_mechanism,2,0.651620,0.549758,0.195951,0.193921,0.078181,0.309425,0.073576,0.020502,0.006554,0.004760,0.004557,0.001698,0.002904,0.001782,48
active_probe_planner,hidden_mechanism,3,0.651620,0.552018,0.196525,0.191324,0.077756,0.308603,0.073567,0.019801,0.006781,0.004939,0.004435,0.001683,0.003438,0.002006,48
active_probe_planner,hidden_mechanism,4,0.655093,0.553371,0.198637,0.192562,0.077987,0.308133,0.073170,0.019859,0.006914,0.004579,0.004575,0.001848,0.003221,0.001904,48
active_probe_planner,hidden_mechanism,5,0.656539,0.553528,0.197317,0.192935,0.078275,0.308863,0.072909,0.018970,0.007155,0.004622,0.005069,0.001815,0.002884,0.002096,48
active_probe_planner,hidden_mechanism,6,0.661748,0.552786,0.198110,0.191160,0.077557,0.308239,0.073151,0.019086,0.007524,0.004419,0.004754,0.001645,0.003100,0.002027,48
active_probe_planner,in_distribution,0,0.689525,0.571142,0.182356,0.178349,0.073579,0.298805,0.065905,0.015852,0.007533,0.004096,0.004749,0.001913,0.003319,0.001891,48
active_probe_planner,in_distribution,1,0.678819,0.572161,0.181517,0.178870,0.073945,0.298896,0.066202,0.018190,0.006705,0.004834,0.004645,0.001699,0.003441,0.002020,48
active_probe_planner,in_distribution,2,0.692708,0.573887,0.182035,0.177776,0.073907,0.298603,0.066973,0.016995,0.007299,0.004312,0.004480,0.001983,0.003185,0.002021,48
active_probe_planner,in_distribution,3,0.684606,0.573165,0.181886,0.179757,0.073380,0.298805,0.066757,0.017477,0.006689,0.004616,0.004706,0.001807,0.003220,0.002096,48
active_probe_planner,in_distribution,4,0.679398,0.573895,0.181622,0.177775,0.073484,0.299780,0.066556,0.015289,0.006712,0.004484,0.004558,0.001811,0.003114,0.002158,48
active_probe_planner,in_distribution,5,0.684317,0.573032,0.180706,0.177004,0.074105,0.299373,0.066429,0.018830,0.007535,0.004569,0.004512,0.001881,0.003304,0.001877,48
active_probe_planner,in_distribution,6,0.699942,0.572256,0.182083,0.179145,0.073065,0.298925,0.066776,0.013725,0.007018,0.004651,0.004139,0.001880,0.003477,0.002070,48
active_probe_planner,long_horizon,0,0.645544,0.558271,0.195072,0.188366,0.076615,0.307023,0.072114,0.018922,0.006665,0.004834,0.004234,0.001693,0.002960,0.001942,48
active_probe_planner,long_horizon,1,0.649016,0.554474,0.195781,0.188938,0.077293,0.307542,0.070725,0.017360,0.007371,0.004605,0.004208,0.001869,0.003476,0.001724,48
active_probe_planner,long_horizon,2,0.632234,0.556420,0.193851,0.188924,0.076138,0.306439,0.071570,0.015464,0.007493,0.004655,0.004655,0.001691,0.003370,0.002100,48
active_probe_planner,long_horizon,3,0.629919,0.555225,0.193532,0.189160,0.076854,0.306254,0.071163,0.019155,0.006946,0.004616,0.004281,0.001939,0.003229,0.001959,48
active_probe_planner,long_horizon,4,0.636863,0.555209,0.193360,0.189232,0.076647,0.306714,0.071761,0.015464,0.006887,0.004820,0.004807,0.001765,0.003266,0.001928,48
active_probe_planner,long_horizon,5,0.635127,0.557836,0.194186,0.189317,0.076418,0.305876,0.071248,0.018228,0.006322,0.004634,0.004832,0.001875,0.002950,0.001726,48
active_probe_planner,long_horizon,6,0.637153,0.558192,0.193778,0.189453,0.077147,0.306663,0.070895,0.017509,0.006782,0.004552,0.004757,0.001724,0.002987,0.002054,48
active_probe_planner,sparse_observation,0,0.632234,0.532134,0.213150,0.205848,0.082225,0.318718,0.080184,0.018051,0.006810,0.004420,0.004309,0.001999,0.003172,0.001934,48
active_probe_planner,sparse_observation,1,0.638021,0.530364,0.214709,0.207286,0.082264,0.317273,0.080963,0.018041,0.006156,0.004493,0.004270,0.001813,0.003326,0.001864,48
active_probe_planner,sparse_observation,2,0.634838,0.531274,0.213967,0.205914,0.082688,0.318261,0.080020,0.016709,0.006730,0.004886,0.004220,0.001567,0.003420,0.001958,48
active_probe_planner,sparse_observation,3,0.635706,0.531747,0.213348,0.206712,0.082216,0.319450,0.079658,0.021062,0.006533,0.004473,0.004007,0.001800,0.003050,0.002060,48
active_probe_planner,sparse_observation,4,0.627025,0.531339,0.213141,0.206145,0.082990,0.318920,0.079659,0.018412,0.006617,0.004572,0.004601,0.001628,0.003037,0.001839,48
active_probe_planner,sparse_observation,5,0.640625,0.531777,0.212515,0.207146,0.082751,0.318944,0.079826,0.020849,0.006349,0.004250,0.004658,0.001772,0.003060,0.001918,48
active_probe_planner,sparse_observation,6,0.616030,0.530728,0.213904,0.207426,0.082554,0.317899,0.080537,0.021252,0.006939,0.004388,0.004530,0.001978,0.003038,0.001985,48
conformal_risk_filter,combined_stress,0,0.539062,0.417877,0.244503,0.250474,0.091007,0.215360,0.089258,0.019798,0.007367,0.005158,0.005307,0.001919,0.002372,0.002269,48
conformal_risk_filter,combined_stress,1,0.532118,0.414802,0.246342,0.250270,0.090322,0.214209,0.090535,0.021811,0.007049,0.005424,0.005030,0.002042,0.002392,0.002318,48
conformal_risk_filter,combined_stress,2,0.554398,0.416219,0.245287,0.251318,0.089686,0.214743,0.089391,0.022136,0.006676,0.004933,0.005346,0.001976,0.002740,0.002149,48
conformal_risk_filter,combined_stress,3,0.547454,0.412258,0.244555,0.250456,0.089683,0.215270,0.089346,0.022966,0.005914,0.004990,0.005332,0.002105,0.002622,0.002254,48
conformal_risk_filter,combined_stress,4,0.532118,0.417415,0.245228,0.250596,0.090477,0.214737,0.089245,0.022726,0.006046,0.005165,0.004910,0.002181,0.002410,0.002672,48
conformal_risk_filter,combined_stress,5,0.543692,0.418570,0.244326,0.251261,0.090706,0.214701,0.089363,0.017059,0.006071,0.004939,0.005185,0.001808,0.002482,0.002161,48
conformal_risk_filter,combined_stress,6,0.537616,0.412466,0.245622,0.251055,0.090763,0.214831,0.089233,0.019128,0.006701,0.004786,0.004696,0.001985,0.002656,0.002449,48
conformal_risk_filter,hidden_mechanism,0,0.603588,0.440306,0.223729,0.231517,0.085199,0.207284,0.081728,0.015335,0.006181,0.004927,0.005541,0.001915,0.002453,0.002297,48
conformal_risk_filter,hidden_mechanism,1,0.598380,0.438990,0.225762,0.232809,0.085260,0.207011,0.082305,0.020358,0.006006,0.004841,0.005065,0.001864,0.002460,0.002197,48
conformal_risk_filter,hidden_mechanism,2,0.584201,0.441171,0.225543,0.231934,0.085309,0.206996,0.082473,0.022307,0.006325,0.005169,0.005180,0.002062,0.002508,0.002203,48
conformal_risk_filter,hidden_mechanism,3,0.578125,0.438485,0.225831,0.233234,0.084539,0.207061,0.082478,0.019947,0.006089,0.004961,0.005378,0.002087,0.002315,0.002521,48
conformal_risk_filter,hidden_mechanism,4,0.598958,0.439891,0.226273,0.232064,0.084800,0.207504,0.082590,0.017033,0.006551,0.005165,0.005734,0.002124,0.002532,0.002370,48
conformal_risk_filter,hidden_mechanism,5,0.582755,0.439116,0.224989,0.231892,0.085524,0.207358,0.082401,0.016885,0.006161,0.005128,0.005097,0.002146,0.002421,0.002295,48
conformal_risk_filter,hidden_mechanism,6,0.570602,0.441384,0.225869,0.232969,0.086239,0.206909,0.082125,0.019818,0.006346,0.004885,0.005000,0.002233,0.002512,0.002236,48
conformal_risk_filter,in_distribution,0,0.646123,0.458259,0.209182,0.215894,0.079938,0.200288,0.075014,0.017795,0.006428,0.004827,0.005102,0.001907,0.002876,0.002217,48
conformal_risk_filter,in_distribution,1,0.642650,0.460362,0.208776,0.215730,0.080141,0.199306,0.075212,0.018532,0.006518,0.004786,0.005421,0.002032,0.002487,0.002264,48
conformal_risk_filter,in_distribution,2,0.631366,0.460738,0.208709,0.216154,0.079988,0.200521,0.074982,0.018624,0.006670,0.005100,0.005333,0.001835,0.002190,0.002244,48
conformal_risk_filter,in_distribution,3,0.641782,0.459492,0.208869,0.215879,0.079264,0.200337,0.076302,0.018782,0.006768,0.005325,0.005236,0.001896,0.002647,0.002125,48
conformal_risk_filter,in_distribution,4,0.624711,0.458664,0.209569,0.214475,0.079917,0.200182,0.075382,0.019461,0.006633,0.005069,0.005230,0.001936,0.002310,0.002534,48
conformal_risk_filter,in_distribution,5,0.643519,0.461715,0.208048,0.214712,0.079841,0.200488,0.074929,0.016911,0.006544,0.004843,0.005272,0.001825,0.002612,0.002270,48
conformal_risk_filter,in_distribution,6,0.634838,0.459419,0.207671,0.215565,0.080468,0.200037,0.075802,0.018694,0.006288,0.005094,0.005268,0.002049,0.002158,0.002405,48
conformal_risk_filter,long_horizon,0,0.570891,0.446715,0.220837,0.226715,0.084221,0.204118,0.080215,0.019692,0.005937,0.004894,0.004985,0.001975,0.002576,0.002190,48
conformal_risk_filter,long_horizon,1,0.584780,0.444082,0.221070,0.227543,0.083325,0.205533,0.080921,0.015511,0.005998,0.004974,0.005084,0.002107,0.002230,0.002217,48
conformal_risk_filter,long_horizon,2,0.578125,0.442248,0.220662,0.229176,0.084176,0.205385,0.081558,0.019848,0.006507,0.004930,0.004999,0.001975,0.002593,0.002290,48
conformal_risk_filter,long_horizon,3,0.580150,0.444814,0.220274,0.227325,0.083676,0.204969,0.080227,0.020170,0.007276,0.004636,0.004907,0.002051,0.002470,0.002470,48
conformal_risk_filter,long_horizon,4,0.588252,0.445623,0.220981,0.228829,0.083872,0.205413,0.081092,0.020141,0.005949,0.005052,0.005761,0.001965,0.002461,0.002167,48
conformal_risk_filter,long_horizon,5,0.580440,0.444124,0.222460,0.227392,0.083164,0.205598,0.080178,0.018105,0.007055,0.005148,0.005357,0.001851,0.002564,0.002409,48
conformal_risk_filter,long_horizon,6,0.593461,0.443280,0.221223,0.227038,0.083949,0.205104,0.079590,0.017753,0.006713,0.004964,0.004958,0.002165,0.002984,0.002598,48
conformal_risk_filter,sparse_observation,0,0.558449,0.415889,0.242830,0.247871,0.089521,0.214858,0.089091,0.016689,0.006043,0.005044,0.005053,0.002104,0.002501,0.002200,48
conformal_risk_filter,sparse_observation,1,0.564236,0.418960,0.244289,0.248517,0.089926,0.213984,0.089707,0.017695,0.005955,0.004871,0.005249,0.001569,0.002501,0.002237,48
conformal_risk_filter,sparse_observation,2,0.568866,0.418505,0.242962,0.250164,0.090700,0.213697,0.088713,0.018518,0.006448,0.005078,0.005385,0.002168,0.002639,0.002616,48
conformal_risk_filter,sparse_observation,3,0.564236,0.419346,0.241423,0.249202,0.089536,0.214448,0.089551,0.019191,0.006419,0.004554,0.005714,0.001888,0.002418,0.002371,48
conformal_risk_filter,sparse_observation,4,0.559317,0.418431,0.242940,0.248168,0.089985,0.212952,0.088158,0.019159,0.006470,0.005523,0.005192,0.002130,0.002151,0.002204,48
conformal_risk_filter,sparse_observation,5,0.578414,0.420522,0.243019,0.247768,0.089973,0.214499,0.089183,0.019427,0.005660,0.004953,0.005287,0.001965,0.002321,0.002232,48
conformal_risk_filter,sparse_observation,6,0.560185,0.417332,0.243578,0.249114,0.090214,0.213960,0.088683,0.015931,0.006558,0.004739,0.005044,0.001781,0.002274,0.002449,48
data_augmented_world_model,combined_stress,0,0.421296,0.278084,0.340113,0.322864,0.119727,0.099544,0.131915,0.024212,0.005707,0.006793,0.006777,0.002635,0.001955,0.003346,48
data_augmented_world_model,combined_stress,1,0.416377,0.277555,0.340664,0.321258,0.119181,0.099541,0.132025,0.022101,0.006331,0.006612,0.006746,0.002579,0.001560,0.003177,48
data_augmented_world_model,combined_stress,2,0.410880,0.278638,0.340007,0.321891,0.120107,0.100091,0.131268,0.021473,0.006369,0.006624,0.006683,0.002579,0.001647,0.003395,48
data_augmented_world_model,combined_stress,3,0.413194,0.278436,0.339193,0.321716,0.119041,0.098122,0.132030,0.022861,0.006377,0.006888,0.006927,0.002646,0.001835,0.003336,48
data_augmented_world_model,combined_stress,4,0.413773,0.277528,0.340331,0.323245,0.118650,0.099730,0.132604,0.018904,0.006685,0.006810,0.006807,0.002670,0.001831,0.003250,48
data_augmented_world_model,combined_stress,5,0.416667,0.278712,0.340096,0.321646,0.118847,0.099054,0.131455,0.023351,0.006243,0.006600,0.006735,0.002588,0.001957,0.003443,48
data_augmented_world_model,combined_stress,6,0.418113,0.279198,0.339727,0.322179,0.118566,0.098367,0.131594,0.021325,0.006374,0.006606,0.006618,0.002617,0.001780,0.003284,48
data_augmented_world_model,hidden_mechanism,0,0.497685,0.306825,0.313370,0.299530,0.112646,0.093334,0.124457,0.019526,0.006243,0.006503,0.006998,0.002796,0.001930,0.003376,48
data_augmented_world_model,hidden_mechanism,1,0.487847,0.305165,0.312290,0.299081,0.112703,0.095493,0.124149,0.022675,0.005614,0.006422,0.006909,0.002764,0.001710,0.003430,48
data_augmented_world_model,hidden_mechanism,2,0.483796,0.305484,0.312764,0.298281,0.112942,0.093695,0.124690,0.020073,0.006059,0.006583,0.006721,0.002993,0.001869,0.003351,48
data_augmented_world_model,hidden_mechanism,3,0.481192,0.302631,0.313993,0.299967,0.113434,0.093745,0.124460,0.019000,0.006104,0.006940,0.006599,0.002651,0.001794,0.003435,48
data_augmented_world_model,hidden_mechanism,4,0.488137,0.305788,0.314171,0.300359,0.112730,0.094321,0.124107,0.020807,0.005946,0.006780,0.006734,0.002706,0.001471,0.003358,48
data_augmented_world_model,hidden_mechanism,5,0.492477,0.304106,0.315261,0.299252,0.112003,0.094759,0.125121,0.023167,0.005776,0.006622,0.006839,0.002833,0.002059,0.003138,48
data_augmented_world_model,hidden_mechanism,6,0.487847,0.302452,0.314036,0.299308,0.111746,0.094297,0.124803,0.019963,0.006202,0.006782,0.006554,0.002375,0.001564,0.003294,48
data_augmented_world_model,in_distribution,0,0.548611,0.327436,0.290767,0.279929,0.106891,0.089501,0.117975,0.022418,0.006582,0.006592,0.006452,0.002628,0.001582,0.003394,48
data_augmented_world_model,in_distribution,1,0.547743,0.327001,0.289071,0.280305,0.106707,0.090393,0.117543,0.021520,0.005492,0.006571,0.006957,0.002769,0.001552,0.003498,48
data_augmented_world_model,in_distribution,2,0.543981,0.330059,0.289228,0.279443,0.105822,0.091060,0.118174,0.021724,0.006001,0.006475,0.006546,0.002648,0.001830,0.003464,48
data_augmented_world_model,in_distribution,3,0.536748,0.328789,0.289592,0.279195,0.106327,0.090784,0.117410,0.020909,0.006153,0.006802,0.006608,0.002596,0.001686,0.003364,48
data_augmented_world_model,in_distribution,4,0.551794,0.328011,0.290541,0.279510,0.106486,0.091421,0.118505,0.019142,0.005769,0.006654,0.006990,0.002546,0.001798,0.003173,48
data_augmented_world_model,in_distribution,5,0.527199,0.326245,0.288851,0.278602,0.107329,0.090696,0.117416,0.023769,0.006753,0.006642,0.006508,0.002568,0.001626,0.003330,48
data_augmented_world_model,in_distribution,6,0.550637,0.329186,0.289295,0.278983,0.106384,0.090869,0.118182,0.018169,0.005685,0.006859,0.006499,0.002678,0.001524,0.003447,48
data_augmented_world_model,long_horizon,0,0.473958,0.307714,0.307109,0.294756,0.111205,0.093847,0.122833,0.021698,0.005957,0.006934,0.006749,0.002830,0.001895,0.003315,48
data_augmented_world_model,long_horizon,1,0.473958,0.308333,0.308047,0.294097,0.111177,0.093718,0.123371,0.021301,0.005854,0.006924,0.007065,0.002692,0.001804,0.003239,48
data_augmented_world_model,long_horizon,2,0.467593,0.309379,0.307725,0.294437,0.110051,0.093875,0.122737,0.021404,0.005659,0.006816,0.006739,0.002633,0.001730,0.003724,48
data_augmented_world_model,long_horizon,3,0.474826,0.310235,0.308223,0.295772,0.110430,0.092967,0.123281,0.018118,0.005794,0.006824,0.006507,0.002531,0.001591,0.003452,48
data_augmented_world_model,long_horizon,4,0.469907,0.312065,0.308299,0.295782,0.111651,0.093557,0.122584,0.019221,0.005236,0.006900,0.006638,0.002822,0.001914,0.003415,48
data_augmented_world_model,long_horizon,5,0.468171,0.311934,0.308666,0.294257,0.111307,0.093644,0.122489,0.022694,0.006702,0.006998,0.006212,0.002618,0.001693,0.003435,48
data_augmented_world_model,long_horizon,6,0.487269,0.310410,0.306888,0.295262,0.110524,0.093471,0.123082,0.025998,0.006375,0.007116,0.006640,0.002555,0.001969,0.003497,48
data_augmented_world_model,sparse_observation,0,0.441840,0.282118,0.337015,0.320263,0.118221,0.098660,0.131571,0.021924,0.005863,0.006524,0.006623,0.002498,0.001818,0.003421,48
data_augmented_world_model,sparse_observation,1,0.447049,0.280201,0.337823,0.320565,0.118679,0.098781,0.131170,0.021455,0.005803,0.006543,0.006941,0.002418,0.001890,0.003484,48
data_augmented_world_model,sparse_observation,2,0.437500,0.281879,0.337534,0.319340,0.119204,0.098676,0.131183,0.021929,0.006227,0.006875,0.006345,0.002728,0.001578,0.003156,48
data_augmented_world_model,sparse_observation,3,0.451389,0.283062,0.337084,0.319784,0.118859,0.098144,0.131261,0.022810,0.005755,0.006334,0.007006,0.002613,0.001585,0.003287,48
data_augmented_world_model,sparse_observation,4,0.460069,0.280258,0.336743,0.319444,0.118675,0.099147,0.131706,0.018441,0.006199,0.006697,0.006573,0.002816,0.001712,0.003460,48
data_augmented_world_model,sparse_observation,5,0.440683,0.282181,0.335744,0.320247,0.119269,0.098831,0.132076,0.016977,0.005698,0.006851,0.006377,0.002742,0.001826,0.003237,48
data_augmented_world_model,sparse_observation,6,0.441840,0.278784,0.335521,0.320251,0.118947,0.099528,0.132098,0.017990,0.005757,0.006737,0.006694,0.002543,0.001993,0.003280,48
ensemble_disagreement_planner,combined_stress,0,0.520544,0.392650,0.265935,0.257961,0.098063,0.184547,0.099785,0.022506,0.006928,0.005490,0.005548,0.002107,0.002203,0.002313,48
ensemble_disagreement_planner,combined_stress,1,0.532697,0.392105,0.265170,0.258432,0.097829,0.184292,0.099358,0.021035,0.007226,0.005512,0.005618,0.002133,0.002063,0.002493,48
ensemble_disagreement_planner,combined_stress,2,0.535590,0.392453,0.264862,0.258952,0.098133,0.184550,0.100270,0.022592,0.006404,0.005283,0.005589,0.002016,0.002131,0.002433,48
ensemble_disagreement_planner,combined_stress,3,0.535590,0.391031,0.265692,0.258048,0.097826,0.184000,0.099585,0.022679,0.006725,0.005639,0.005387,0.002190,0.002205,0.002448,48
ensemble_disagreement_planner,combined_stress,4,0.515336,0.393090,0.265389,0.259075,0.097120,0.184727,0.099489,0.022230,0.006141,0.005733,0.005167,0.002171,0.002392,0.002557,48
ensemble_disagreement_planner,combined_stress,5,0.526910,0.391871,0.265299,0.259168,0.097660,0.185793,0.099180,0.016990,0.006821,0.005525,0.005713,0.002187,0.002061,0.002626,48
ensemble_disagreement_planner,combined_stress,6,0.514468,0.390013,0.265393,0.259426,0.097755,0.184272,0.099192,0.019654,0.006604,0.005297,0.005534,0.002139,0.002496,0.002630,48
ensemble_disagreement_planner,hidden_mechanism,0,0.572917,0.420711,0.242365,0.240973,0.091519,0.176831,0.091077,0.019696,0.006957,0.005385,0.005133,0.002203,0.002281,0.002389,48
ensemble_disagreement_planner,hidden_mechanism,1,0.576389,0.417429,0.243740,0.241636,0.091283,0.178084,0.092046,0.017978,0.006715,0.005217,0.005268,0.002132,0.002489,0.002375,48
ensemble_disagreement_planner,hidden_mechanism,2,0.586227,0.418193,0.243885,0.240697,0.091356,0.177269,0.092217,0.016610,0.006441,0.005038,0.005449,0.002286,0.002361,0.002450,48
ensemble_disagreement_planner,hidden_mechanism,3,0.584491,0.415257,0.243949,0.241065,0.091856,0.176848,0.091335,0.017681,0.006456,0.005108,0.005417,0.002303,0.002391,0.002748,48
ensemble_disagreement_planner,hidden_mechanism,4,0.568866,0.419933,0.243123,0.239977,0.092204,0.177961,0.092514,0.021748,0.006949,0.005529,0.005181,0.002311,0.002238,0.002455,48
ensemble_disagreement_planner,hidden_mechanism,5,0.571181,0.417725,0.245438,0.239751,0.091662,0.177330,0.091595,0.021424,0.005712,0.005571,0.005560,0.002248,0.002215,0.002486,48
ensemble_disagreement_planner,hidden_mechanism,6,0.569155,0.415967,0.244353,0.241373,0.091890,0.177351,0.091552,0.018006,0.007199,0.005543,0.005124,0.002095,0.002221,0.002518,48
ensemble_disagreement_planner,in_distribution,0,0.604167,0.437765,0.225326,0.222238,0.086320,0.170850,0.084621,0.018660,0.007118,0.005364,0.004959,0.002191,0.002133,0.002459,48
ensemble_disagreement_planner,in_distribution,1,0.621817,0.437443,0.225929,0.223012,0.086063,0.170195,0.085554,0.017854,0.006547,0.005453,0.005420,0.002082,0.002324,0.002624,48
ensemble_disagreement_planner,in_distribution,2,0.612269,0.438139,0.225503,0.224048,0.085927,0.171113,0.084964,0.020325,0.007156,0.004996,0.005287,0.002300,0.001892,0.002304,48
ensemble_disagreement_planner,in_distribution,3,0.618634,0.437522,0.226713,0.224391,0.086508,0.170888,0.084997,0.019870,0.006950,0.005553,0.005584,0.002077,0.002347,0.002445,48
ensemble_disagreement_planner,in_distribution,4,0.616030,0.437565,0.224940,0.224172,0.086198,0.170527,0.084851,0.019829,0.006127,0.005304,0.005189,0.002046,0.002105,0.002461,48
ensemble_disagreement_planner,in_distribution,5,0.626447,0.441542,0.226568,0.223263,0.086128,0.170841,0.085159,0.019236,0.006252,0.005272,0.005216,0.002405,0.002471,0.002379,48
ensemble_disagreement_planner,in_distribution,6,0.614294,0.438140,0.225600,0.223344,0.087050,0.170432,0.084898,0.019792,0.006584,0.005454,0.005616,0.002345,0.002381,0.002498,48
ensemble_disagreement_planner,long_horizon,0,0.569155,0.422269,0.238506,0.237023,0.091229,0.175816,0.090496,0.021498,0.006528,0.005395,0.005474,0.002066,0.002097,0.002634,48
ensemble_disagreement_planner,long_horizon,1,0.577257,0.424045,0.239531,0.235831,0.090628,0.176869,0.089413,0.020033,0.006306,0.005185,0.005229,0.002112,0.002467,0.002543,48
ensemble_disagreement_planner,long_horizon,2,0.577257,0.424424,0.239631,0.236818,0.090345,0.174666,0.090416,0.022621,0.006785,0.005331,0.005312,0.002160,0.002022,0.002533,48
ensemble_disagreement_planner,long_horizon,3,0.561053,0.423544,0.238658,0.236079,0.090032,0.176990,0.089772,0.019516,0.006749,0.005223,0.005359,0.002308,0.002284,0.002504,48
ensemble_disagreement_planner,long_horizon,4,0.557292,0.421951,0.240649,0.236615,0.090723,0.175570,0.089213,0.020111,0.006395,0.005204,0.005513,0.002298,0.002322,0.002449,48
ensemble_disagreement_planner,long_horizon,5,0.567419,0.421103,0.239444,0.236349,0.091123,0.176525,0.090381,0.019334,0.006295,0.005296,0.005354,0.001962,0.002088,0.002521,48
ensemble_disagreement_planner,long_horizon,6,0.570602,0.422381,0.238427,0.236143,0.090327,0.175852,0.090316,0.018919,0.006553,0.005249,0.005383,0.002015,0.002232,0.002632,48
ensemble_disagreement_planner,sparse_observation,0,0.551794,0.394655,0.263580,0.258641,0.097165,0.183749,0.098271,0.022164,0.006157,0.005254,0.005393,0.002148,0.002292,0.002713,48
ensemble_disagreement_planner,sparse_observation,1,0.546586,0.394335,0.263212,0.258091,0.097394,0.182651,0.098674,0.019796,0.005681,0.005674,0.005284,0.002156,0.002186,0.002445,48
ensemble_disagreement_planner,sparse_observation,2,0.548032,0.395636,0.263151,0.256927,0.096360,0.183897,0.099059,0.020392,0.006983,0.005579,0.005363,0.002368,0.001929,0.002583,48
ensemble_disagreement_planner,sparse_observation,3,0.532118,0.396882,0.262902,0.257104,0.097190,0.183794,0.098859,0.020152,0.006531,0.005489,0.005445,0.002134,0.002145,0.002583,48
ensemble_disagreement_planner,sparse_observation,4,0.538194,0.395888,0.261633,0.257932,0.096828,0.183848,0.098454,0.019961,0.006149,0.005328,0.005656,0.002136,0.002258,0.002430,48
ensemble_disagreement_planner,sparse_observation,5,0.546875,0.395106,0.263723,0.257731,0.097389,0.183730,0.097996,0.019930,0.006159,0.005394,0.005319,0.002298,0.002396,0.002418,48
ensemble_disagreement_planner,sparse_observation,6,0.546875,0.395648,0.262570,0.257902,0.097085,0.183343,0.097614,0.021515,0.006547,0.005548,0.004979,0.002082,0.002361,0.002585,48
failure_classifier_repair,combined_stress,0,0.572049,0.450201,0.240528,0.237672,0.087249,0.241339,0.087400,0.024311,0.008835,0.004761,0.005207,0.002047,0.002803,0.002109,48
failure_classifier_repair,combined_stress,1,0.567708,0.450342,0.240186,0.237703,0.087406,0.242034,0.087389,0.021331,0.007386,0.005178,0.004852,0.001973,0.002651,0.002115,48
failure_classifier_repair,combined_stress,2,0.565683,0.450829,0.240072,0.237883,0.086822,0.242042,0.088337,0.021395,0.007285,0.004774,0.005187,0.001933,0.002757,0.002196,48
failure_classifier_repair,combined_stress,3,0.572338,0.452790,0.241674,0.237150,0.087922,0.241455,0.086786,0.017608,0.007578,0.005261,0.005064,0.001853,0.002533,0.001963,48
failure_classifier_repair,combined_stress,4,0.556713,0.450929,0.241756,0.238274,0.087348,0.240856,0.086719,0.020438,0.007777,0.005033,0.004949,0.001879,0.002760,0.002345,48
failure_classifier_repair,combined_stress,5,0.554977,0.448551,0.240403,0.238011,0.088077,0.242447,0.086669,0.017664,0.007392,0.005039,0.004967,0.002105,0.002743,0.002060,48
failure_classifier_repair,combined_stress,6,0.567130,0.454025,0.240302,0.237678,0.087123,0.242340,0.087520,0.019083,0.006887,0.005184,0.004647,0.001901,0.002686,0.002222,48
failure_classifier_repair,hidden_mechanism,0,0.613715,0.478695,0.219950,0.220219,0.081678,0.233592,0.078806,0.019682,0.007292,0.005064,0.005289,0.001945,0.002441,0.002112,48
failure_classifier_repair,hidden_mechanism,1,0.618056,0.477614,0.218145,0.221198,0.082105,0.232438,0.080238,0.019654,0.007100,0.004814,0.004856,0.001885,0.002771,0.002226,48
failure_classifier_repair,hidden_mechanism,2,0.621817,0.478840,0.220306,0.219138,0.081814,0.232796,0.079370,0.017576,0.007608,0.005279,0.005302,0.001977,0.002569,0.002080,48
failure_classifier_repair,hidden_mechanism,3,0.625000,0.479428,0.220895,0.220220,0.081892,0.233466,0.079166,0.017156,0.007900,0.005066,0.004942,0.002051,0.002539,0.002257,48
failure_classifier_repair,hidden_mechanism,4,0.605324,0.476623,0.218727,0.219239,0.082076,0.232483,0.079180,0.020710,0.007153,0.005377,0.004792,0.001822,0.002747,0.002075,48
failure_classifier_repair,hidden_mechanism,5,0.625000,0.476854,0.220791,0.219043,0.081886,0.233125,0.079344,0.018015,0.007270,0.004882,0.005054,0.001977,0.002607,0.002203,48
failure_classifier_repair,hidden_mechanism,6,0.629630,0.480270,0.219871,0.219839,0.081859,0.232778,0.079500,0.019118,0.007529,0.004906,0.005295,0.001922,0.002704,0.002218,48
failure_classifier_repair,in_distribution,0,0.654803,0.498735,0.201161,0.204865,0.077512,0.225019,0.073819,0.018232,0.006931,0.005510,0.004835,0.001965,0.002689,0.002094,48
failure_classifier_repair,in_distribution,1,0.650463,0.501292,0.200950,0.203911,0.078022,0.224833,0.072046,0.019492,0.007535,0.004869,0.005107,0.002006,0.002798,0.002085,48
failure_classifier_repair,in_distribution,2,0.645255,0.500806,0.201099,0.204107,0.077391,0.223740,0.072904,0.019770,0.007062,0.004964,0.004795,0.001836,0.002421,0.002102,48
failure_classifier_repair,in_distribution,3,0.664931,0.502023,0.199365,0.205885,0.076862,0.225803,0.073167,0.016020,0.007329,0.004912,0.004765,0.001793,0.002630,0.002127,48
failure_classifier_repair,in_distribution,4,0.655961,0.499379,0.201166,0.205234,0.077095,0.224885,0.073144,0.020716,0.006844,0.005187,0.004845,0.002034,0.002407,0.002144,48
failure_classifier_repair,in_distribution,5,0.650463,0.500565,0.201337,0.204786,0.077638,0.224546,0.073980,0.018542,0.008072,0.005049,0.005517,0.001699,0.002351,0.002183,48
failure_classifier_repair,in_distribution,6,0.650463,0.501263,0.201606,0.204922,0.077541,0.224222,0.073539,0.019492,0.006794,0.005063,0.005084,0.002007,0.002747,0.002066,48
failure_classifier_repair,long_horizon,0,0.602431,0.484682,0.214700,0.215694,0.080540,0.231361,0.077541,0.018333,0.007840,0.005247,0.005136,0.001981,0.002760,0.002087,48
failure_classifier_repair,long_horizon,1,0.618056,0.482422,0.214648,0.216679,0.080285,0.229993,0.078123,0.017117,0.007408,0.004758,0.004685,0.001911,0.002968,0.002366,48
failure_classifier_repair,long_horizon,2,0.603009,0.484040,0.215319,0.215839,0.080989,0.230595,0.077046,0.017076,0.007545,0.005140,0.005064,0.002068,0.002403,0.001961,48
failure_classifier_repair,long_horizon,3,0.624132,0.484595,0.214924,0.216004,0.081649,0.230964,0.077661,0.020383,0.007459,0.005049,0.004703,0.001894,0.002815,0.002119,48
failure_classifier_repair,long_horizon,4,0.612558,0.482618,0.215613,0.217318,0.081114,0.229874,0.078351,0.020684,0.007080,0.004588,0.005274,0.002004,0.002856,0.002053,48
failure_classifier_repair,long_horizon,5,0.608507,0.484426,0.214818,0.216252,0.080763,0.231259,0.076986,0.021577,0.007446,0.004968,0.005046,0.001902,0.002779,0.002268,48
failure_classifier_repair,long_horizon,6,0.594618,0.485094,0.216957,0.216831,0.080353,0.231134,0.077891,0.017659,0.007535,0.005138,0.005067,0.001914,0.002918,0.002123,48
failure_classifier_repair,sparse_observation,0,0.595486,0.454860,0.238880,0.236249,0.086539,0.241302,0.086111,0.023542,0.007556,0.004654,0.005072,0.001797,0.002677,0.002170,48
failure_classifier_repair,sparse_observation,1,0.587674,0.452580,0.238963,0.236441,0.086948,0.240484,0.086547,0.020070,0.008299,0.004947,0.005229,0.001846,0.002590,0.002292,48
failure_classifier_repair,sparse_observation,2,0.574942,0.453322,0.236390,0.236374,0.086051,0.240471,0.086251,0.019700,0.006765,0.004883,0.004957,0.001946,0.002866,0.002088,48
failure_classifier_repair,sparse_observation,3,0.585069,0.454626,0.238289,0.236070,0.086420,0.240434,0.086572,0.020483,0.008004,0.005162,0.005188,0.001877,0.002851,0.002159,48
failure_classifier_repair,sparse_observation,4,0.586516,0.453300,0.238575,0.237035,0.086825,0.240300,0.086041,0.019924,0.007237,0.004757,0.005238,0.002042,0.002652,0.002111,48
failure_classifier_repair,sparse_observation,5,0.591435,0.454115,0.237308,0.235070,0.086798,0.239572,0.086694,0.018745,0.007518,0.005253,0.004954,0.002065,0.002767,0.002231,48
failure_classifier_repair,sparse_observation,6,0.585069,0.451055,0.237984,0.235869,0.085832,0.241170,0.086597,0.018441,0.007353,0.005267,0.004748,0.001782,0.002636,0.002123,48
observed_only_planner,combined_stress,0,0.320023,0.188195,0.396323,0.375031,0.137363,0.070486,0.155511,0.023672,0.005696,0.007493,0.008432,0.003240,0.001516,0.003817,48
observed_only_planner,combined_stress,1,0.330150,0.182832,0.396050,0.374636,0.137275,0.070392,0.155297,0.023897,0.005700,0.007842,0.007963,0.003114,0.001616,0.004020,48
observed_only_planner,combined_stress,2,0.341435,0.183200,0.396049,0.374900,0.137959,0.069788,0.155859,0.023573,0.005750,0.007588,0.007815,0.003052,0.001551,0.004015,48
observed_only_planner,combined_stress,3,0.320312,0.185906,0.396299,0.375368,0.137547,0.069348,0.155833,0.021980,0.005012,0.007894,0.007894,0.003346,0.001527,0.004033,48
observed_only_planner,combined_stress,4,0.327546,0.186357,0.395174,0.376612,0.136955,0.070117,0.156035,0.022678,0.005700,0.007816,0.007709,0.003123,0.001728,0.004050,48
observed_only_planner,combined_stress,5,0.326100,0.185289,0.395420,0.374553,0.137366,0.070325,0.154907,0.021429,0.005284,0.007399,0.008126,0.003290,0.001227,0.003960,48
observed_only_planner,combined_stress,6,0.328993,0.185564,0.397396,0.376797,0.137539,0.070854,0.154916,0.026216,0.005165,0.007575,0.008188,0.003129,0.001502,0.004118,48
observed_only_planner,hidden_mechanism,0,0.415220,0.214683,0.367781,0.348017,0.129341,0.065895,0.147429,0.024143,0.005639,0.007858,0.008078,0.003020,0.001329,0.004073,48
observed_only_planner,hidden_mechanism,1,0.412905,0.215343,0.367398,0.348750,0.130200,0.066044,0.148241,0.019516,0.005524,0.007518,0.008169,0.002979,0.001373,0.004034,48
observed_only_planner,hidden_mechanism,2,0.409144,0.215282,0.367111,0.347639,0.129667,0.066829,0.147605,0.022033,0.005773,0.007480,0.007803,0.003020,0.001351,0.003803,48
observed_only_planner,hidden_mechanism,3,0.424479,0.213792,0.367361,0.347423,0.130278,0.067067,0.147259,0.025656,0.005474,0.007755,0.008107,0.003154,0.001535,0.004011,48
observed_only_planner,hidden_mechanism,4,0.405961,0.215099,0.367137,0.349341,0.129955,0.066741,0.147555,0.019474,0.005812,0.007619,0.008074,0.003152,0.001542,0.003951,48
observed_only_planner,hidden_mechanism,5,0.425347,0.215837,0.369505,0.348511,0.130470,0.065776,0.148190,0.023500,0.005225,0.007418,0.007855,0.002795,0.001506,0.003949,48
observed_only_planner,hidden_mechanism,6,0.423900,0.215447,0.367814,0.347435,0.129205,0.065456,0.147788,0.022433,0.005211,0.007954,0.007748,0.003129,0.001411,0.003884,48
observed_only_planner,in_distribution,0,0.469039,0.243718,0.343828,0.325464,0.123591,0.062131,0.140867,0.022275,0.005673,0.007740,0.008179,0.002837,0.001720,0.004123,48
observed_only_planner,in_distribution,1,0.472512,0.241237,0.343840,0.324833,0.123421,0.063295,0.140444,0.024403,0.005467,0.007721,0.007501,0.003090,0.001688,0.004007,48
observed_only_planner,in_distribution,2,0.469039,0.239434,0.343020,0.326055,0.123433,0.062792,0.140752,0.022436,0.005571,0.008049,0.007806,0.002871,0.001493,0.004001,48
observed_only_planner,in_distribution,3,0.488426,0.241942,0.343751,0.323294,0.123727,0.062155,0.140081,0.024103,0.005446,0.007687,0.008144,0.003060,0.001201,0.003964,48
observed_only_planner,in_distribution,4,0.467014,0.243004,0.342863,0.324809,0.122804,0.061646,0.140314,0.023247,0.006008,0.007472,0.008010,0.003136,0.001447,0.003857,48
observed_only_planner,in_distribution,5,0.483218,0.240480,0.343305,0.324338,0.122534,0.062057,0.140327,0.023588,0.005484,0.007771,0.007923,0.003175,0.001522,0.004194,48
observed_only_planner,in_distribution,6,0.466435,0.242120,0.343062,0.325168,0.122858,0.062964,0.141264,0.023264,0.005614,0.007850,0.007950,0.003093,0.001714,0.004137,48
observed_only_planner,long_horizon,0,0.394387,0.222441,0.362449,0.343939,0.128077,0.065670,0.145584,0.021517,0.006098,0.007517,0.008148,0.003049,0.001447,0.003991,48
observed_only_planner,long_horizon,1,0.399595,0.222707,0.362008,0.343093,0.128489,0.065364,0.145996,0.024601,0.005422,0.007836,0.008044,0.003004,0.001491,0.004247,48
observed_only_planner,long_horizon,2,0.385995,0.222931,0.363016,0.342160,0.127956,0.064666,0.146209,0.023713,0.005220,0.007932,0.008072,0.002969,0.001564,0.004019,48
observed_only_planner,long_horizon,3,0.389757,0.223538,0.362502,0.342465,0.128060,0.065667,0.146424,0.021830,0.005175,0.007592,0.008012,0.002985,0.001458,0.003977,48
observed_only_planner,long_horizon,4,0.394387,0.221726,0.360379,0.341810,0.128092,0.065634,0.144987,0.024581,0.005618,0.007608,0.008261,0.003051,0.001370,0.003878,48
observed_only_planner,long_horizon,5,0.394097,0.223558,0.361928,0.343166,0.127999,0.065464,0.145648,0.021347,0.005350,0.007794,0.007983,0.003285,0.001209,0.003922,48
observed_only_planner,long_horizon,6,0.388600,0.223929,0.361953,0.342064,0.127408,0.064167,0.146221,0.021574,0.005339,0.007612,0.008092,0.003025,0.001423,0.003965,48
observed_only_planner,sparse_observation,0,0.369502,0.187811,0.392926,0.372133,0.136543,0.069996,0.154886,0.023849,0.005785,0.007360,0.007935,0.003138,0.001258,0.004101,48
observed_only_planner,sparse_observation,1,0.363715,0.192623,0.392969,0.372704,0.136561,0.069813,0.154030,0.024620,0.005005,0.007439,0.008135,0.003186,0.001715,0.004002,48
observed_only_planner,sparse_observation,2,0.370949,0.188538,0.394046,0.372189,0.136610,0.069940,0.154323,0.022781,0.004879,0.007563,0.008315,0.003094,0.001578,0.004175,48
observed_only_planner,sparse_observation,3,0.365451,0.191095,0.391851,0.372644,0.136137,0.069766,0.153567,0.020982,0.006308,0.007694,0.008227,0.003132,0.001538,0.003939,48
observed_only_planner,sparse_observation,4,0.354745,0.186377,0.393889,0.371671,0.136702,0.069578,0.153684,0.018659,0.006402,0.007767,0.008055,0.002925,0.001541,0.004065,48
observed_only_planner,sparse_observation,5,0.363426,0.190113,0.393110,0.372358,0.137652,0.069869,0.154514,0.024815,0.005526,0.007387,0.008073,0.003114,0.001563,0.003942,48
observed_only_planner,sparse_observation,6,0.342882,0.186988,0.391552,0.371266,0.136500,0.068867,0.154344,0.021947,0.005174,0.007740,0.008165,0.003047,0.001529,0.004180,48
oracle_mechanism_audit,combined_stress,0,0.811632,0.834999,0.073137,0.068909,0.039161,0.203813,0.040614,0.014153,0.003791,0.002330,0.001984,0.001028,0.001500,0.001386,48
oracle_mechanism_audit,combined_stress,1,0.830440,0.834445,0.071176,0.068715,0.037298,0.205485,0.042160,0.014812,0.003649,0.002201,0.002244,0.001222,0.001884,0.001288,48
oracle_mechanism_audit,combined_stress,2,0.821759,0.835503,0.072935,0.068823,0.037953,0.204586,0.041163,0.012618,0.003300,0.002095,0.001736,0.001153,0.001663,0.001234,48
oracle_mechanism_audit,combined_stress,3,0.831887,0.838017,0.071341,0.067400,0.038352,0.203035,0.041147,0.014617,0.003592,0.002256,0.002033,0.001216,0.001701,0.001108,48
oracle_mechanism_audit,combined_stress,4,0.817998,0.837181,0.072966,0.068750,0.038367,0.204076,0.041435,0.013447,0.003395,0.002281,0.001964,0.001123,0.002034,0.001008,48
oracle_mechanism_audit,combined_stress,5,0.831887,0.837788,0.072921,0.068078,0.038034,0.203358,0.041337,0.015125,0.003285,0.001714,0.001929,0.001146,0.001624,0.001160,48
oracle_mechanism_audit,combined_stress,6,0.829572,0.834177,0.071772,0.068821,0.037462,0.204896,0.041307,0.011369,0.004064,0.002194,0.002214,0.000863,0.001752,0.001129,48
oracle_mechanism_audit,hidden_mechanism,0,0.833912,0.842624,0.067342,0.062270,0.035132,0.199657,0.033532,0.015695,0.003777,0.001672,0.002129,0.000889,0.001660,0.000881,48
oracle_mechanism_audit,hidden_mechanism,1,0.841435,0.840737,0.068800,0.064402,0.035899,0.199292,0.033636,0.010748,0.003787,0.001882,0.001816,0.001027,0.001548,0.000942,48
oracle_mechanism_audit,hidden_mechanism,2,0.836516,0.842335,0.069020,0.063434,0.036669,0.198916,0.033417,0.012352,0.003618,0.002302,0.001762,0.001239,0.001587,0.001229,48
oracle_mechanism_audit,hidden_mechanism,3,0.842303,0.843694,0.068196,0.064100,0.035499,0.199194,0.033674,0.015131,0.003867,0.002256,0.001927,0.000969,0.001976,0.001302,48
oracle_mechanism_audit,hidden_mechanism,4,0.836806,0.842689,0.068367,0.064294,0.036345,0.198271,0.033976,0.013232,0.003727,0.002211,0.001816,0.001200,0.001461,0.001174,48
oracle_mechanism_audit,hidden_mechanism,5,0.846354,0.843837,0.068242,0.064436,0.035679,0.199773,0.034270,0.014755,0.003708,0.002203,0.001765,0.001128,0.001880,0.001110,48
oracle_mechanism_audit,hidden_mechanism,6,0.838831,0.843943,0.067855,0.065257,0.035369,0.200263,0.033365,0.013892,0.003658,0.002021,0.001858,0.001263,0.001719,0.001129,48
oracle_mechanism_audit,in_distribution,0,0.853299,0.850666,0.064157,0.061282,0.034210,0.194947,0.027396,0.013067,0.003771,0.002215,0.002142,0.001093,0.002008,0.000948,48
oracle_mechanism_audit,in_distribution,1,0.856771,0.847380,0.064722,0.061723,0.033522,0.196029,0.026497,0.013123,0.003466,0.002402,0.002033,0.001043,0.001789,0.000872,48
oracle_mechanism_audit,in_distribution,2,0.849537,0.846444,0.065120,0.059667,0.033824,0.195705,0.027147,0.012328,0.003692,0.002128,0.001841,0.001242,0.001776,0.000915,48
oracle_mechanism_audit,in_distribution,3,0.859664,0.849272,0.064502,0.062385,0.033756,0.195946,0.026985,0.013373,0.003683,0.001871,0.001959,0.001079,0.001631,0.001333,48
oracle_mechanism_audit,in_distribution,4,0.853588,0.845798,0.064913,0.062038,0.034404,0.195329,0.026828,0.014656,0.003740,0.002008,0.001881,0.001123,0.001860,0.001199,48
oracle_mechanism_audit,in_distribution,5,0.855613,0.850677,0.065452,0.061549,0.033818,0.195792,0.026538,0.013435,0.003224,0.002076,0.001639,0.001139,0.001359,0.001112,48
oracle_mechanism_audit,in_distribution,6,0.841725,0.845226,0.063663,0.060336,0.033820,0.195749,0.027201,0.014425,0.003498,0.001860,0.001998,0.000994,0.001603,0.001396,48
oracle_mechanism_audit,long_horizon,0,0.841435,0.844770,0.066490,0.063129,0.035702,0.198014,0.031828,0.013015,0.003520,0.001925,0.001911,0.001295,0.001673,0.001184,48
oracle_mechanism_audit,long_horizon,1,0.847801,0.846513,0.067411,0.064362,0.034466,0.198048,0.031150,0.011632,0.003564,0.002208,0.002227,0.001002,0.001524,0.001126,48
oracle_mechanism_audit,long_horizon,2,0.833912,0.845578,0.068197,0.063464,0.035156,0.198309,0.032417,0.014014,0.004462,0.002112,0.001660,0.001113,0.001533,0.001328,48
oracle_mechanism_audit,long_horizon,3,0.835359,0.843660,0.066668,0.064100,0.035216,0.198621,0.032165,0.012712,0.003671,0.002022,0.001763,0.001113,0.001582,0.001155,48
oracle_mechanism_audit,long_horizon,4,0.844618,0.844857,0.067590,0.062764,0.035482,0.198662,0.031864,0.014828,0.004410,0.002367,0.002140,0.001050,0.001737,0.001291,48
oracle_mechanism_audit,long_horizon,5,0.841146,0.846152,0.067073,0.064321,0.035185,0.197916,0.032037,0.013824,0.003021,0.001703,0.002108,0.001269,0.001748,0.001078,48
oracle_mechanism_audit,long_horizon,6,0.847801,0.844035,0.067405,0.062954,0.036030,0.199172,0.031043,0.014966,0.003683,0.002132,0.001766,0.001036,0.001832,0.001210,48
oracle_mechanism_audit,sparse_observation,0,0.834491,0.835862,0.073941,0.068247,0.037686,0.203486,0.040116,0.014898,0.003439,0.002054,0.001850,0.001120,0.001606,0.001295,48
oracle_mechanism_audit,sparse_observation,1,0.836227,0.839054,0.072601,0.066612,0.038062,0.204411,0.039842,0.014834,0.003263,0.002284,0.002070,0.000991,0.001661,0.001047,48
oracle_mechanism_audit,sparse_observation,2,0.820023,0.837458,0.072590,0.067671,0.038263,0.203453,0.040281,0.016689,0.003769,0.001838,0.001849,0.000998,0.001865,0.001026,48
oracle_mechanism_audit,sparse_observation,3,0.826389,0.838924,0.071842,0.068992,0.038234,0.203096,0.039602,0.016211,0.004544,0.002023,0.002140,0.001205,0.001632,0.001086,48
oracle_mechanism_audit,sparse_observation,4,0.842303,0.836848,0.073162,0.068731,0.038394,0.204714,0.039475,0.013933,0.004557,0.002055,0.001668,0.000994,0.001751,0.001246,48
oracle_mechanism_audit,sparse_observation,5,0.825810,0.837266,0.072023,0.067920,0.037566,0.202440,0.039420,0.015924,0.003747,0.001918,0.001686,0.000931,0.001892,0.001181,48
oracle_mechanism_audit,sparse_observation,6,0.824942,0.836262,0.071412,0.068404,0.038182,0.204050,0.039735,0.012809,0.003386,0.001896,0.002007,0.000943,0.001788,0.001182,48
proposed_failed_rollout_audit,combined_stress,0,0.704282,0.704753,0.135797,0.124597,0.061880,0.241600,0.060818,0.016189,0.005541,0.003155,0.003146,0.001585,0.002155,0.001547,48
proposed_failed_rollout_audit,combined_stress,1,0.713831,0.703151,0.136512,0.124489,0.061770,0.241413,0.061003,0.018246,0.004681,0.003059,0.003097,0.001430,0.002034,0.001604,48
proposed_failed_rollout_audit,combined_stress,2,0.726273,0.702731,0.137139,0.123896,0.061449,0.241744,0.061020,0.015076,0.005270,0.003349,0.002858,0.001524,0.002074,0.001623,48
proposed_failed_rollout_audit,combined_stress,3,0.728009,0.706802,0.134229,0.124699,0.061659,0.241563,0.061139,0.020614,0.005010,0.002932,0.003074,0.001713,0.001910,0.001589,48
proposed_failed_rollout_audit,combined_stress,4,0.707755,0.706165,0.135973,0.124174,0.062571,0.241854,0.061057,0.016962,0.005153,0.003168,0.003331,0.001327,0.002183,0.001664,48
proposed_failed_rollout_audit,combined_stress,5,0.722222,0.701905,0.135383,0.125089,0.061583,0.242027,0.061068,0.017040,0.004307,0.003083,0.003068,0.001435,0.002133,0.001569,48
proposed_failed_rollout_audit,combined_stress,6,0.717882,0.703880,0.135152,0.125808,0.061074,0.241572,0.061404,0.016693,0.004503,0.003362,0.002954,0.001474,0.002425,0.001537,48
proposed_failed_rollout_audit,hidden_mechanism,0,0.753762,0.719667,0.126483,0.117092,0.056983,0.234960,0.053455,0.015857,0.005307,0.003440,0.003313,0.001735,0.002001,0.001592,48
proposed_failed_rollout_audit,hidden_mechanism,1,0.746238,0.715713,0.126438,0.115975,0.057404,0.234437,0.053376,0.015180,0.005611,0.002840,0.003026,0.001268,0.001901,0.001837,48
proposed_failed_rollout_audit,hidden_mechanism,2,0.747396,0.718768,0.126233,0.116647,0.057824,0.234968,0.053462,0.016644,0.005137,0.003317,0.002887,0.001542,0.002268,0.001572,48
proposed_failed_rollout_audit,hidden_mechanism,3,0.748553,0.717727,0.124962,0.117147,0.057350,0.235705,0.053544,0.018001,0.004868,0.003429,0.002914,0.001509,0.002206,0.001498,48
proposed_failed_rollout_audit,hidden_mechanism,4,0.751447,0.716310,0.124818,0.116394,0.057234,0.234998,0.052865,0.017558,0.005198,0.003313,0.003177,0.001714,0.002037,0.001431,48
proposed_failed_rollout_audit,hidden_mechanism,5,0.756944,0.720099,0.125376,0.114733,0.057585,0.236591,0.054022,0.018304,0.005028,0.003173,0.003358,0.001649,0.002039,0.001626,48
proposed_failed_rollout_audit,hidden_mechanism,6,0.741319,0.718831,0.125526,0.116206,0.057223,0.235692,0.053965,0.017584,0.004888,0.003363,0.003421,0.001686,0.002105,0.001787,48
proposed_failed_rollout_audit,in_distribution,0,0.766204,0.728956,0.116461,0.107693,0.053669,0.229241,0.046855,0.016177,0.005245,0.003217,0.003018,0.001478,0.002421,0.001377,48
proposed_failed_rollout_audit,in_distribution,1,0.761863,0.728768,0.117731,0.107687,0.054418,0.228945,0.047373,0.016531,0.004647,0.003189,0.002853,0.001608,0.002004,0.001514,48
proposed_failed_rollout_audit,in_distribution,2,0.762731,0.727434,0.116784,0.108453,0.054058,0.229269,0.047453,0.018797,0.005061,0.002838,0.003132,0.001557,0.002196,0.001390,48
proposed_failed_rollout_audit,in_distribution,3,0.770544,0.727308,0.115842,0.107745,0.053119,0.228699,0.047130,0.015033,0.005340,0.003371,0.003252,0.001831,0.002065,0.001384,48
proposed_failed_rollout_audit,in_distribution,4,0.776910,0.729787,0.117431,0.106683,0.052975,0.229682,0.046677,0.014395,0.005635,0.003168,0.002984,0.001607,0.002450,0.001463,48
proposed_failed_rollout_audit,in_distribution,5,0.771123,0.727872,0.114896,0.107254,0.053466,0.230062,0.047631,0.014989,0.005277,0.003532,0.002905,0.001832,0.001984,0.001607,48
proposed_failed_rollout_audit,in_distribution,6,0.768229,0.728834,0.115773,0.108518,0.054328,0.229376,0.047314,0.015657,0.005697,0.002832,0.002985,0.001790,0.002105,0.001755,48
proposed_failed_rollout_audit,long_horizon,0,0.740741,0.720607,0.123601,0.113888,0.056610,0.233947,0.052505,0.017371,0.004763,0.003291,0.003000,0.001493,0.002279,0.001672,48
proposed_failed_rollout_audit,long_horizon,1,0.745081,0.717292,0.123537,0.114929,0.056610,0.233509,0.052229,0.016876,0.005681,0.003068,0.002761,0.001487,0.001857,0.001543,48
proposed_failed_rollout_audit,long_horizon,2,0.753472,0.718605,0.123314,0.113743,0.056321,0.233596,0.052455,0.014442,0.005316,0.003355,0.002747,0.001493,0.001904,0.001725,48
proposed_failed_rollout_audit,long_horizon,3,0.734954,0.720760,0.122521,0.113766,0.055549,0.233591,0.051459,0.015921,0.004618,0.002956,0.002901,0.001371,0.002153,0.001777,48
proposed_failed_rollout_audit,long_horizon,4,0.738426,0.721718,0.123215,0.113843,0.056014,0.232861,0.051275,0.016338,0.005173,0.003232,0.003341,0.001428,0.001960,0.001595,48
proposed_failed_rollout_audit,long_horizon,5,0.746528,0.721548,0.123373,0.113553,0.056306,0.232511,0.052223,0.015131,0.005682,0.003383,0.002917,0.001806,0.001970,0.001249,48
proposed_failed_rollout_audit,long_horizon,6,0.740741,0.721877,0.124423,0.113135,0.056430,0.233477,0.052472,0.016518,0.005607,0.003356,0.002947,0.001380,0.001912,0.001351,48
proposed_failed_rollout_audit,sparse_observation,0,0.735822,0.705993,0.134749,0.124804,0.061694,0.240283,0.061391,0.018024,0.004929,0.003250,0.003118,0.001569,0.002019,0.001526,48
proposed_failed_rollout_audit,sparse_observation,1,0.732928,0.705671,0.135441,0.124738,0.061308,0.240394,0.060495,0.015596,0.005411,0.003272,0.003240,0.001701,0.001980,0.001652,48
proposed_failed_rollout_audit,sparse_observation,2,0.728009,0.703724,0.135237,0.123683,0.060956,0.240660,0.060488,0.017829,0.004311,0.003577,0.002786,0.001763,0.001809,0.001792,48
proposed_failed_rollout_audit,sparse_observation,3,0.743056,0.702849,0.134626,0.123102,0.061119,0.241611,0.060125,0.017213,0.004766,0.003253,0.003208,0.001746,0.001809,0.001646,48
proposed_failed_rollout_audit,sparse_observation,4,0.739005,0.708028,0.135023,0.123731,0.062035,0.241021,0.061132,0.016169,0.005013,0.003297,0.003077,0.001712,0.001978,0.001373,48
proposed_failed_rollout_audit,sparse_observation,5,0.736111,0.704607,0.135101,0.123870,0.061088,0.241600,0.060221,0.018033,0.004356,0.003280,0.003370,0.001752,0.002383,0.001691,48
proposed_failed_rollout_audit,sparse_observation,6,0.728877,0.706326,0.133462,0.124025,0.060710,0.241203,0.060205,0.012866,0.005045,0.003223,0.003329,0.001782,0.002142,0.001661,48
scalar_uncertainty_planner,combined_stress,0,0.477431,0.341713,0.291407,0.280922,0.102805,0.149477,0.111431,0.017972,0.005946,0.006017,0.005916,0.002364,0.002220,0.003145,48
scalar_uncertainty_planner,combined_stress,1,0.491030,0.340915,0.290212,0.282093,0.102634,0.149655,0.111499,0.018097,0.006778,0.005997,0.005757,0.002373,0.001967,0.002707,48
scalar_uncertainty_planner,combined_stress,2,0.495660,0.339432,0.290043,0.280402,0.102840,0.149803,0.111761,0.022376,0.006457,0.005763,0.005790,0.002208,0.002205,0.002882,48
scalar_uncertainty_planner,combined_stress,3,0.492188,0.340745,0.289277,0.280947,0.103536,0.149945,0.111448,0.019669,0.006770,0.005865,0.005850,0.002405,0.002041,0.002898,48
scalar_uncertainty_planner,combined_stress,4,0.493634,0.342580,0.289515,0.281425,0.103909,0.150706,0.110909,0.019350,0.005951,0.005942,0.005705,0.002297,0.001792,0.002674,48
scalar_uncertainty_planner,combined_stress,5,0.484954,0.341209,0.289920,0.283433,0.103831,0.150757,0.111896,0.018265,0.006693,0.005738,0.005567,0.002185,0.001850,0.002994,48
scalar_uncertainty_planner,combined_stress,6,0.484664,0.340573,0.290281,0.281609,0.103197,0.150322,0.111213,0.021031,0.006285,0.005691,0.005631,0.002051,0.002133,0.003059,48
scalar_uncertainty_planner,hidden_mechanism,0,0.543113,0.367545,0.267244,0.261038,0.096769,0.142907,0.103929,0.020779,0.005508,0.005550,0.005807,0.002196,0.002050,0.002957,48
scalar_uncertainty_planner,hidden_mechanism,1,0.537037,0.367477,0.266578,0.259074,0.097040,0.144600,0.104034,0.017801,0.006337,0.005535,0.005980,0.002416,0.002159,0.002845,48
scalar_uncertainty_planner,hidden_mechanism,2,0.540509,0.366503,0.268192,0.259236,0.096835,0.144639,0.103845,0.021852,0.006706,0.005889,0.005704,0.002255,0.002231,0.002910,48
scalar_uncertainty_planner,hidden_mechanism,3,0.538194,0.366573,0.266772,0.260490,0.096926,0.145100,0.103665,0.018403,0.006442,0.005880,0.005912,0.002267,0.001863,0.002600,48
scalar_uncertainty_planner,hidden_mechanism,4,0.560764,0.366104,0.267905,0.260643,0.097066,0.143953,0.104149,0.019379,0.007386,0.005808,0.005263,0.002398,0.001930,0.003055,48
scalar_uncertainty_planner,hidden_mechanism,5,0.538194,0.368675,0.266790,0.260603,0.097031,0.143205,0.103042,0.020988,0.007002,0.005723,0.005626,0.002001,0.002097,0.002762,48
scalar_uncertainty_planner,hidden_mechanism,6,0.557581,0.366656,0.268338,0.260878,0.097916,0.143988,0.103621,0.023125,0.006516,0.005643,0.005603,0.002358,0.002123,0.002895,48
scalar_uncertainty_planner,in_distribution,0,0.605613,0.390587,0.247441,0.243159,0.091333,0.138439,0.096286,0.020692,0.006212,0.005729,0.006046,0.002229,0.002134,0.002826,48
scalar_uncertainty_planner,in_distribution,1,0.597801,0.389170,0.248053,0.240823,0.092212,0.138369,0.096939,0.019570,0.006370,0.005846,0.005701,0.002334,0.002010,0.002922,48
scalar_uncertainty_planner,in_distribution,2,0.597512,0.389454,0.248602,0.241366,0.091522,0.137314,0.097831,0.019086,0.006211,0.006040,0.005953,0.002186,0.001901,0.003077,48
scalar_uncertainty_planner,in_distribution,3,0.598958,0.391435,0.248351,0.242389,0.091456,0.137936,0.096511,0.019581,0.006122,0.006062,0.005784,0.002243,0.001952,0.002743,48
scalar_uncertainty_planner,in_distribution,4,0.594329,0.389374,0.248348,0.243419,0.091827,0.138478,0.096833,0.022925,0.006407,0.005938,0.005731,0.002323,0.002129,0.003223,48
scalar_uncertainty_planner,in_distribution,5,0.594907,0.390179,0.247212,0.241842,0.091265,0.138598,0.097023,0.021434,0.006758,0.005200,0.005839,0.002160,0.001674,0.002802,48
scalar_uncertainty_planner,in_distribution,6,0.580440,0.392820,0.248106,0.242688,0.091911,0.138436,0.096698,0.022839,0.006595,0.005952,0.005622,0.002335,0.001918,0.002653,48
scalar_uncertainty_planner,long_horizon,0,0.531539,0.375466,0.262694,0.256373,0.095957,0.141666,0.102116,0.019616,0.006085,0.005962,0.005971,0.002231,0.002194,0.003052,48
scalar_uncertainty_planner,long_horizon,1,0.543981,0.371409,0.263091,0.256536,0.096456,0.142158,0.102078,0.020478,0.006507,0.006123,0.006130,0.002332,0.001884,0.002710,48
scalar_uncertainty_planner,long_horizon,2,0.537905,0.375755,0.263147,0.255092,0.095683,0.142363,0.102174,0.019176,0.006211,0.005785,0.005856,0.002200,0.002202,0.002761,48
scalar_uncertainty_planner,long_horizon,3,0.537616,0.374747,0.263570,0.256634,0.096714,0.142856,0.102283,0.021475,0.006120,0.005925,0.006226,0.002421,0.002187,0.002826,48
scalar_uncertainty_planner,long_horizon,4,0.544271,0.369743,0.261241,0.255300,0.095463,0.143097,0.101801,0.019260,0.006622,0.005847,0.005753,0.002320,0.001798,0.002736,48
scalar_uncertainty_planner,long_horizon,5,0.542535,0.373329,0.262911,0.257200,0.096341,0.142775,0.101803,0.019561,0.005791,0.006082,0.006109,0.002221,0.002090,0.003077,48
scalar_uncertainty_planner,long_horizon,6,0.538194,0.373624,0.264001,0.257554,0.095391,0.141802,0.101526,0.019746,0.006430,0.005708,0.006108,0.002326,0.001844,0.002749,48
scalar_uncertainty_planner,sparse_observation,0,0.510127,0.346039,0.286277,0.279121,0.103083,0.149909,0.110584,0.017623,0.006653,0.006098,0.006011,0.002271,0.001824,0.002931,48
scalar_uncertainty_planner,sparse_observation,1,0.508681,0.343144,0.288092,0.279055,0.101834,0.149569,0.109859,0.018351,0.006628,0.005546,0.005900,0.002318,0.002089,0.002952,48
scalar_uncertainty_planner,sparse_observation,2,0.515625,0.342287,0.288171,0.278959,0.103193,0.149387,0.111648,0.018811,0.005512,0.005949,0.005834,0.002151,0.002033,0.002846,48
scalar_uncertainty_planner,sparse_observation,3,0.515336,0.344405,0.288617,0.280377,0.103561,0.148100,0.110564,0.019236,0.005798,0.005913,0.005966,0.002304,0.002103,0.002847,48
scalar_uncertainty_planner,sparse_observation,4,0.503762,0.342279,0.287779,0.278855,0.103357,0.149382,0.111570,0.020388,0.006982,0.006222,0.005793,0.002220,0.002179,0.003022,48
scalar_uncertainty_planner,sparse_observation,5,0.505208,0.343256,0.287304,0.279594,0.102474,0.149315,0.109799,0.022675,0.006518,0.006025,0.005594,0.002259,0.002004,0.002756,48
scalar_uncertainty_planner,sparse_observation,6,0.507523,0.345131,0.287623,0.279866,0.103762,0.149734,0.110252,0.017608,0.006444,0.005845,0.005814,0.002268,0.002074,0.003040,48
